Tube,Description
834-K,Upeneus parvus
835-D,Upeneus parvus
837-E,Upeneus parvus
815-I,Upeneus parvus
817-E,Upeneus parvus
818-C,Upeneus parvus
824-A,Upeneus parvus
830-D,Upeneus parvus
831-C,Upeneus parvus
832-C,Upeneus parvus
834-C,Upeneus parvus
834-L,Upeneus parvus
835-E,Upeneus parvus
837-F,Upeneus parvus
816-A,Upeneus parvus
817-E2,Upeneus parvus
818-D,Upeneus parvus
825-A,Upeneus parvus
830-E,Upeneus parvus
831-D,Upeneus parvus
832-D,Upeneus parvus
834-D,Upeneus parvus
815-B,Upeneus parvus
834-M,Upeneus parvus
835-F,Upeneus parvus
837-G,Upeneus parvus
816-B,Upeneus parvus
817-F,Upeneus parvus
818-E,Upeneus parvus
826-A,Upeneus parvus
830-F,Upeneus parvus
831-E,Upeneus parvus
832-E,Upeneus parvus
834-E,Upeneus parvus
815-C,Upeneus parvus
834-N,Upeneus parvus
835-I,Upeneus parvus
837-H,Upeneus parvus
816-C,Upeneus parvus
817-G,Upeneus parvus
818-F,Upeneus parvus
827-A,Upeneus parvus
830-G,Upeneus parvus
831-F,Upeneus parvus
832-F,Upeneus parvus
834-F,Upeneus parvus
815-D,Upeneus parvus
834-O,Upeneus parvus
837-A,Upeneus parvus
837-I,Upeneus parvus
817-A,Upeneus parvus
817-H,Upeneus parvus
818-G,Upeneus parvus
828-A,Upeneus parvus
830-H,Upeneus parvus
831-G,Upeneus parvus
832-G,Upeneus parvus
834-G,Upeneus parvus
815-E,Upeneus parvus
835-A,Upeneus parvus
837-B,Upeneus parvus
838-A,Upeneus parvus
817-B,Upeneus parvus
817-I,Upeneus parvus
818-H,Upeneus parvus
830-A,Upeneus parvus
830-I,Upeneus parvus
831-H,Upeneus parvus
832-H,Upeneus parvus
834-H,Upeneus parvus
815-E2,Upeneus parvus
835-B,Upeneus parvus
837-C,Upeneus parvus
840-A,Trachinocephalus myops
817-C,Upeneus parvus
818-A,Upeneus parvus
818-I,Upeneus parvus
830-B,Upeneus parvus
831-A,Upeneus parvus
832-A,Upeneus parvus
834-A,Upeneus parvus
834-I,Upeneus parvus
815-F,Upeneus parvus
835-C,Upeneus parvus
837-D,Upeneus parvus
840-A2,Trachinocephalus myops
817-D,Upeneus parvus
818-B,Upeneus parvus
819-A,Upeneus parvus
830-C,Upeneus parvus
831-B,Upeneus parvus
832-B,Upeneus parvus
834-B,Upeneus parvus
834-J,Upeneus parvus
814-A,Upeneus parvus
815-A,Upeneus parvus
841-A,Trachinocephalus myops
992-A,Prionotus longispinosus
1002-A,Prionotus longispinosus
1006-B,Prionotus longispinosus
861-A,Mullus auratus
880-A,Mullus auratus
885-A,Selene setapinnis
892-A,Saurida normani
902-A,Saurida normani
922-A,Saurida normani
930-A,Saurida normani
938-A,Saurida normani
842-A,Trachinocephalus myops
993-A,Prionotus longispinosus
1004-A,Prionotus longispinosus
1007-A,Prionotus longispinosus
862-A,Mullus auratus
881-A,Larimus fasciatus
886-A,Selene setapinnis
892-B,Saurida normani
903-A,Saurida normani
923-A,Saurida normani
931-A,Saurida normani
940-A,Saurida normani
845-A,Trachinocephalus myops
994-A,Prionotus longispinosus
1005-A,Prionotus longispinosus
1009-A,Prionotus longispinosus
863-A,Mullus auratus
881-B,Larimus fasciatus
888-A,Selene setapinnis
894-A,Saurida normani
903-B,Saurida normani
923-B,Saurida normani
931-B,Saurida normani
941-A,Saurida normani
846-A,Trachinocephalus myops
997-A,Prionotus longispinosus
1005-B,Prionotus longispinosus
1010-A,Prionotus longispinosus
866-A,Mullus auratus
881-C,Larimus fasciatus
889-A,Selene setapinnis
896-A,Saurida normani
904-A,Saurida normani
925-A,Saurida normani
932-A,Saurida normani
942-A,Saurida normani
847-A,Trachinocephalus myops
998-A,Prionotus longispinosus
1005-C1,Prionotus longispinosus
1011-A,Prionotus longispinosus
870-A,Mullus auratus
882-A,Larimus fasciatus
890-A,Selene setapinnis
896-B,Saurida normani
904-B,Saurida normani
927-A,Saurida normani
933-A,Saurida normani
943-A,Saurida normani
848-A,Trachinocephalus myops
1000-A,Prionotus longispinosus
1005-D,Prionotus longispinosus
1012-A,Prionotus longispinosus
871-A,Mullus auratus
882-B,Larimus fasciatus
891-A,Saurida normani
897-A,Saurida normani
904-C,Saurida normani
928-A,Saurida normani
935-A,Saurida normani
945-A,Saurida normani
849-A,Trachinocephalus myops
1001-A,Prionotus longispinosus
1005-E,Prionotus longispinosus
1018-A,Prionotus longispinosus
872-A,Mullus auratus
883-A,Selene setapinnis
891-C,Saurida normani
898-A,Saurida normani
920-A,Saurida normani
928-B,Saurida normani
936-A,Saurida normani
946-A,Saurida normani
860-A,Mullus auratus
1001-B,Prionotus longispinosus
1006-A,Prionotus longispinosus
1005-C2,Prionotus longispinosus
875-A,Mullus auratus
884-A,Selene setapinnis
891-D,Saurida normani
899-A,Saurida normani
921-A,Saurida normani
929-A,Saurida normani
937-A,Saurida normani
947-A,Saurida normani
891-B ,Saurida normani
482-A,Cyclopsetta chittendeni
708-B,Prionotus longispinosus
711-A,Prionotus longispinosus
715-E,Prionotus longispinosus
510-C,Cyclopsetta chittendeni
594-A,Prionotus paralatus
626-B,Pristipomoides aquilonaris
641-A,Larimus fasciatus
662-A,Larimus fasciatus
669-C,Larimus fasciatus
686-D,Selene setapinnis
699-A,Selene setapinnis
495-A,Cyclopsetta chittendeni
708-C,Prionotus longispinosus
712-A,Prionotus longispinosus
719-A,Prionotus longispinosus
581-A,Prionotus paralatus
594-B,Prionotus paralatus
629-A,Pristipomoides aquilonaris
643-A,Larimus fasciatus
666-A,Larimus fasciatus
674-A,Selene setapinnis
686-E,Selene setapinnis
700-A,Selene setapinnis
499-A,Cyclopsetta chittendeni
709-A,Prionotus longispinosus
712-B,Prionotus longispinosus
719-B,Prionotus longispinosus
582-A,Prionotus paralatus
596-A,Prionotus paralatus
629-B,Pristipomoides aquilonaris
645-A,Larimus fasciatus
666-B,Larimus fasciatus
681-A,Selene setapinnis
687-A,Selene setapinnis
701-A,Prionotus longispinosus
499-B,Cyclopsetta chittendeni
709-B,Prionotus longispinosus
712-C,Prionotus longispinosus
719-C,Prionotus longispinosus
586-A,Prionotus paralatus
596-B,Prionotus paralatus
634-A,Pristipomoides aquilonaris
649-A,Larimus fasciatus
666-C,Larimus fasciatus
682-A,Selene setapinnis
689-A,Selene setapinnis
701-B,Prionotus longispinosus
502-A,Cyclopsetta chittendeni
709-C,Prionotus longispinosus
715-A,Prionotus longispinosus
719-D,Prionotus longispinosus
586-B,Prionotus paralatus
596-C,Prionotus paralatus
634-B,Pristipomoides aquilonaris
649-B,Larimus fasciatus
666-D,Larimus fasciatus
683-A,Selene setapinnis
692-A,Selene setapinnis
701-C,Prionotus longispinosus
501-A,Cyclopsetta chittendeni
709-D,Prionotus longispinosus
715-B,Prionotus longispinosus
720-A,Prionotus longispinosus
590-A,Prionotus paralatus
596-D,Prionotus paralatus
635-A,Pristipomoides aquilonaris
649-C,Larimus fasciatus
668-A,Larimus fasciatus
686-A,Selene setapinnis
694-A,Selene setapinnis
702-A,Prionotus longispinosus
510-A,Cyclopsetta chittendeni
709-E,Prionotus longispinosus
715-C,Prionotus longispinosus
720-B,Prionotus longispinosus
591-B,Prionotus paralatus
609-A,Prionotus paralatus
635-B,Pristipomoides aquilonaris
651-A,Larimus fasciatus
669-A,Larimus fasciatus
686-B,Selene setapinnis
695-A,Selene setapinnis
704-A,Prionotus longispinosus
510-B,Cyclopsetta chittendeni
709-F,Prionotus longispinosus
715-D,Prionotus longispinosus
722-A,Prionotus longispinosus
591-A,Prionotus paralatus
626-A,Pristipomoides aquilonaris
639-A,Pristipomoides aquilonaris
652-A,Larimus fasciatus
669-B,Larimus fasciatus
686-C,Selene setapinnis
696-A,Selene setapinnis
708-A,Prionotus longispinosus
723-A,Prionotus longispinosus
975-A,Synodus intermedius
989-A,Prionotus longispinosus
1031-A,Selar crumenophthalmus
725-B,Prionotus longispinosus
729-C,Prionotus longispinosus
789-A,Decapterus punctatus
794-A,Decapterus punctatus
805-A,Decapterus punctatus
811-B,Decapterus punctatus
953-C,Synodus intermedius
965-A,Synodus intermedius
724-A,Prionotus longispinosus
977-A,Synodus intermedius
989-B,Prionotus longispinosus
1032-A,Selar crumenophthalmus
725-C,Prionotus longispinosus
730-A,Prionotus longispinosus
790-A,Decapterus punctatus
795-A,Decapterus punctatus
805-B,Decapterus punctatus
811-C,Decapterus punctatus
953-D,Synodus intermedius
966-A,Synodus intermedius
724-B,Prionotus longispinosus
980-A,Synodus intermedius
990-A,Prionotus longispinosus
1033-A,Selar crumenophthalmus
727-A,Prionotus longispinosus
784-A,Decapterus punctatus
790-B,Decapterus punctatus
796-A,Decapterus punctatus
806-A,Decapterus punctatus
812-A,Decapterus punctatus
956-A,Synodus intermedius
967-A,Synodus intermedius
724-C,Prionotus longispinosus
985-A,Prionotus longispinosus
991-A,Prionotus longispinosus
1034-A,Selar crumenophthalmus
727-B,Prionotus longispinosus
785-A,Decapterus punctatus
790-C,Decapterus punctatus
797-A,Decapterus punctatus
807-A,Decapterus punctatus
812-B,Decapterus punctatus
957-A,Synodus intermedius
968-A,Synodus intermedius
724-D,Prionotus longispinosus
986-A,Prionotus longispinosus
991-B,Prionotus longispinosus
1035-A,Selar crumenophthalmus
727-C,Prionotus longispinosus
786-A,Decapterus punctatus
790-D,Decapterus punctatus
799-A,Decapterus punctatus
807-B,Decapterus punctatus
812-C,Decapterus punctatus
958-A,Synodus intermedius
969-A,Synodus intermedius
724-E,Prionotus longispinosus
986-B,Prionotus longispinosus
991-C,Prionotus longispinosus
1035-B,Selar crumenophthalmus
727-D,Prionotus longispinosus
787-A,Decapterus punctatus
791-A,Decapterus punctatus
800-A,Decapterus punctatus
808-A,Decapterus punctatus
813-A,Decapterus punctatus
961-A,Synodus intermedius
972-A,Synodus intermedius
724-F,Prionotus longispinosus
988-A,Prionotus longispinosus
1021-A,Prionotus longispinosus
1036-A,Selar crumenophthalmus
729-A,Prionotus longispinosus
788-A,Decapterus punctatus
792-A,Decapterus punctatus
801-A,Decapterus punctatus
810-A,Decapterus punctatus
953-A,Synodus intermedius
962-A,Synodus intermedius
973-A,Synodus intermedius
725-A,Prionotus longispinosus
988-B,Prionotus longispinosus
1030-A,Selar crumenophthalmus
1037-A,Selar crumenophthalmus
729-B,Prionotus longispinosus
788-C,Decapterus punctatus
792-B,Decapterus punctatus
803-A,Decapterus punctatus
811-A,Decapterus punctatus
953-B,Synodus intermedius
964-A,Synodus intermedius
974-A,Synodus intermedius
1038-A,Selar crumenophthalmus
1095-B,Pristipomoides aquilonaris
1097-C,Pristipomoides aquilonaris
1100-C,Pristipomoides aquilonaris
1044-B,Caulolatilus intermedius
1047-A,Caulolatilus intermedius
1049-E,Caulolatilus intermedius
1050-E,Caulolatilus intermedius
1052-F,Caulolatilus intermedius
1053-H,Caulolatilus intermedius
1061-B,Calamus proridens
1066-A,Calamus proridens
1039-A,Selar crumenophthalmus
1095-C,Pristipomoides aquilonaris
1097-D,Pristipomoides aquilonaris
1100-D,Pristipomoides aquilonaris
1044-C,Caulolatilus intermedius
1047-B,Caulolatilus intermedius
1049-F,Caulolatilus intermedius
1050-F,Caulolatilus intermedius
1053-A,Caulolatilus intermedius
1053-I,Caulolatilus intermedius
1061-C,Calamus proridens
1066-B,Calamus proridens
1040-A,Selar crumenophthalmus
1096-A,Pristipomoides aquilonaris
1099-A,Pristipomoides aquilonaris
1102-A,Pristipomoides aquilonaris
1044-D,Caulolatilus intermedius
1048-A,Caulolatilus intermedius
1049-G,Caulolatilus intermedius
1050-G,Caulolatilus intermedius
1053-B,Caulolatilus intermedius
1053-J,Caulolatilus intermedius
1062-A,Calamus proridens
1066-C,Calamus proridens
1041-A,Selar crumenophthalmus
1096-B,Pristipomoides aquilonaris
1099-B,Pristipomoides aquilonaris
1102-B,Pristipomoides aquilonaris
1044-E,Caulolatilus intermedius
1048-B,Caulolatilus intermedius
1049-H,Caulolatilus intermedius
1052-A,Caulolatilus intermedius
1053-C,Caulolatilus intermedius
1054-A,Calamus proridens
1063-A,Calamus proridens
1067-A,Calamus proridens
1042-A,Selar crumenophthalmus
1096-C,Pristipomoides aquilonaris
1099-C,Pristipomoides aquilonaris
1104-A,Pristipomoides aquilonaris
1045-A,Caulolatilus intermedius
1048-C,Caulolatilus intermedius
1050-A,Caulolatilus intermedius
1052-B,Caulolatilus intermedius
1053-D,Caulolatilus intermedius
1058-A,Calamus proridens
1064-A,Calamus proridens
1081-A,Calamus proridens
1043-A,Caulolatilus intermedius
1096-D,Pristipomoides aquilonaris
1099-D,Pristipomoides aquilonaris
1104-B,Pristipomoides aquilonaris
1045-B,Caulolatilus intermedius
1049-A,Caulolatilus intermedius
1050-B,Caulolatilus intermedius
1052-C,Caulolatilus intermedius
1053-E,Caulolatilus intermedius
1059-A,Calamus proridens
1064-B,Calamus proridens
1094-A,Pristipomoides aquilonaris
1043-B,Caulolatilus intermedius
1097-A,Pristipomoides aquilonaris
1100-A,Pristipomoides aquilonaris
1104-C,Pristipomoides aquilonaris
1045-C,Caulolatilus intermedius
1049-B,Caulolatilus intermedius
1050-C,Caulolatilus intermedius
1052-D,Caulolatilus intermedius
1053-F,Caulolatilus intermedius
1060-A,Calamus proridens
1064-C,Calamus proridens
1094-B,Pristipomoides aquilonaris
1044-A,Caulolatilus intermedius
1097-B,Pristipomoides aquilonaris
1100-B,Pristipomoides aquilonaris
1106-A,Pristipomoides aquilonaris
1046-A,Caulolatilus intermedius
1049-D,Caulolatilus intermedius
1050-D,Caulolatilus intermedius
1052-E,Caulolatilus intermedius
1053-G,Caulolatilus intermedius
1061-A,Calamus proridens
1065-A,Calamus proridens
1095-A,Pristipomoides aquilonaris
1106-B,Pristipomoides aquilonaris
1202-B,Sardinella aurita
1210-A,Sardinella aurita
1217-A,Sardinella aurita
1121-A,Pristipomoides aquilonaris
1126-C,Prionotus paralatus
1136-B,Synodus intermedius
1147-F,Lepophidium brevibarbe
1147-N,Lepophidium brevibarbe
1160-A,Seriola dumerili
1169-A,Hoplunnis macrura
1195-A,Hoplunnis macrura
1106-C,Pristipomoides aquilonaris
1203-A,Sardinella aurita
1211-A,Sardinella aurita
1219-A,Sardinella aurita
1121-B,Pristipomoides aquilonaris
1126-D,Prionotus paralatus
1136-C,Synodus intermedius
1147-G,Lepophidium brevibarbe
1147-O,Lepophidium brevibarbe
1161-A,Seriola dumerili
1170-A,Hoplunnis macrura
1196-A,Hoplunnis macrura
1106-D,Pristipomoides aquilonaris
1204-A,Sardinella aurita
1212-A,Sardinella aurita
1220-A,Sardinella aurita
1122-A,Prionotus paralatus
1126-E,Prionotus paralatus
1137-A,Synodus intermedius
1147-H,Lepophidium brevibarbe
1158-A,Urophycis cirrata
1161-B,Seriola dumerili
1171-A,Hoplunnis macrura
1197-A,Sardinella aurita
1107-A,Pristipomoides aquilonaris
1205-A,Sardinella aurita
1213-A,Sardinella aurita
1221-A,Sardinella aurita
1123-A,Prionotus paralatus
1127-A,Prionotus paralatus
1137-B,Synodus intermedius
1147-I,Lepophidium brevibarbe
1158-C,Urophycis cirrata
1161-C,Seriola dumerili
1172-A,Hoplunnis macrura
1198-A,Sardinella aurita
1113-A,Pristipomoides aquilonaris
1206-A,Sardinella aurita
1214-A,Sardinella aurita
1222-A,Sardinella aurita
1124-A,Prionotus paralatus
1128-A,Prionotus paralatus
1147-B,Lepophidium brevibarbe
1147-J,Lepophidium brevibarbe
1158-D,Urophycis cirrata
1162-A,Hoplunnis macrura
1173-A,Hoplunnis macrura
1199-A,Sardinella aurita
1113-B,Pristipomoides aquilonaris
1207-A,Sardinella aurita
1215-A,Sardinella aurita
1223-A,Sardinella aurita
1125-A,Prionotus paralatus
1131-A,Sardinella aurita
1147-C,Lepophidium brevibarbe
1147-K,Lepophidium brevibarbe
1158-E,Urophycis cirrata
1166-A,Hoplunnis macrura
1174-A,Hoplunnis macrura
1200-A,Sardinella aurita
1116-A,Pristipomoides aquilonaris
1208-A,Sardinella aurita
1215-B,Sardinella aurita
1102-C,Sardinella aurita
1126-A,Prionotus paralatus
1132-A,Sardinella aurita
1147-D,Lepophidium brevibarbe
1147-L,Lepophidium brevibarbe
1158-F,Urophycis cirrata
1167-A,Hoplunnis macrura
1177-A,Hoplunnis macrura
1201-A,Sardinella aurita
1116-B,Pristipomoides aquilonaris
1209-A,Sardinella aurita
1216-A,Sardinella aurita
1104-D,Sardinella aurita
1126-B,Prionotus paralatus
1136-A,Synodus intermedius
1147-E,Lepophidium brevibarbe
1147-M,Lepophidium brevibarbe
1159-A,Seriola dumerili
1168-A,Hoplunnis macrura
1179-A,Hoplunnis macrura
1202-A,Sardinella aurita
63-A,Prionotus longispinosus
223-A,Upeneus parvus
229-A,Upeneus parvus
233-A,Upeneus parvus
79-A,Prionotus longispinosus
87-B,Prionotus longispinosus
90-B,Prionotus longispinosus
153-A,Selene setapinnis
159-A,Selene setapinnis
212-B,Ophidion welshi
215-D,Ophidion welshi
220-C,Ophidion welshi
68-A,Prionotus longispinosus
224-A,Upeneus parvus
229-B,Upeneus parvus
234-A,Upeneus parvus
79-B,Prionotus longispinosus
87-C,Prionotus longispinosus
142-A,Cyclopsetta chittendeni
153-B,Selene setapinnis
162-A,Selene setapinnis
212-C,Ophidion welshi
217-A,Ophidion welshi
220-D,Ophidion welshi
70-A,Prionotus longispinosus
226-A,Upeneus parvus
229-C,Upeneus parvus
235-A,Upeneus parvus
80-A,Prionotus longispinosus
87-D,Prionotus longispinosus
143-A,Cyclopsetta chittendeni
154-A,Selene setapinnis
164-A,Selene setapinnis
212-E,Ophidion welshi
217-B,Ophidion welshi
220-E,Ophidion welshi
71-A,Prionotus longispinosus
226-B,Upeneus parvus
229-D,Upeneus parvus
236-A,Upeneus parvus
82-A,Prionotus longispinosus
87-E,Prionotus longispinosus
145-A,Cyclopsetta chittendeni
155-A,Selene setapinnis
263-A,Ophidion welshi
213-A,Ophidion welshi
218-A,Ophidion welshi
221-A,Ophidion welshi
72-A,Prionotus longispinosus
226-E,Upeneus parvus
230-A,Upeneus parvus
230-A,Upeneus parvus
236-B,Upeneus parvus
85-A,Prionotus longispinosus
88- A,Prionotus longispinosus
146-A,Cyclopsetta chittendeni
156-A,Selene setapinnis
263-B,Ophidion welshi
214-A,Ophidion welshi
218-B,Ophidion welshi
222-A,Ophidion welshi
73-A,Prionotus longispinosus
227-A,Upeneus parvus
231-A,Upeneus parvus
237-A,Upeneus parvus
85-B,Prionotus longispinosus
89-A,Prionotus longispinosus
151-A,Selene setapinnis
157-A,Selene setapinnis
263-C,Ophidion welshi
215-A,Ophidion welshi
219-A,Ophidion welshi
222-B,Ophidion welshi
77-A,Prionotus longispinosus
227-B,Upeneus parvus
231-B,Upeneus parvus
237-B,Upeneus parvus
85-C,Prionotus longispinosus
89-B,Prionotus longispinosus
151-B,Selene setapinnis
158-A,Selene setapinnis
263-D,Ophidion welshi
215-B,Ophidion welshi
220-A,Ophidion welshi
222-C,Ophidion welshi
78-A,Prionotus longispinosus
228-A,Upeneus parvus
232-B,Upeneus parvus
238-A,Upeneus parvus
87-A,Prionotus longispinosus
90-A,Prionotus longispinosus
152-A,Selene setapinnis
158-B,Selene setapinnis
212-A,Ophidion welshi
215-C,Ophidion welshi
220-B,Ophidion welshi
222-D,Ophidion welshi
239-A,Upeneus parvus
369-A,Sardinella aurita
378-A,Sardinella aurita
388-A,Sardinella aurita
244-C,Upeneus parvus
253-A,Ophidion welshi
262-C,Ophidion welshi
272-B,Prionotus longispinosus
276-A,Prionotus longispinosus
293-B,Caulolatilus intermedius
296-A,Caulolatilus intermedius
315-A,Pristipomoides aquilonaris
239-B,Upeneus parvus
370-A,Sardinella aurita
381-A,Sardinella aurita
389-A,Sardinella aurita
245-A,Upeneus parvus
257-A,Ophidion welshi
262-D,Ophidion welshi
272-C,Prionotus longispinosus
278-A,Prionotus longispinosus
293-C,Caulolatilus intermedius
297-A,Caulolatilus intermedius
315-B,Pristipomoides aquilonaris
240-A,Upeneus parvus
371-A,Sardinella aurita
382-A,Sardinella aurita
391-A,Sardinella aurita
247-A,Upeneus parvus
260-A,Ophidion welshi
262-E,Ophidion welshi
272-D,Prionotus longispinosus
280-A,Prionotus longispinosus
293-D,Caulolatilus intermedius
298-A,Caulolatilus intermedius
326-A,Pristipomoides aquilonaris
240-B,Upeneus parvus
372-A,Sardinella aurita
383-A,Sardinella aurita
392-A,Sardinella aurita
247-B,Upeneus parvus
260-B,Ophidion welshi
262-F,Ophidion welshi
274-A,Prionotus longispinosus
288-A,Prionotus longispinosus
293-E,Caulolatilus intermedius
300-A,Caulolatilus intermedius
326-B,Pristipomoides aquilonaris
241-A,Upeneus parvus
374-A,Sardinella aurita
384-A,Sardinella aurita
393-A,Sardinella aurita
248-A,Upeneus parvus
260-C,Ophidion welshi
265-A,Prionotus longispinosus
274-B,Prionotus longispinosus
288-B,Prionotus longispinosus
294-A,Caulolatilus intermedius
301-A,Caulolatilus intermedius
327-A,Pristipomoides aquilonaris
242-A,Upeneus parvus
375-A,Sardinella aurita
385-A,Sardinella aurita
394-A,Sardinella aurita
249-A,Upeneus parvus
261-A,Ophidion welshi
266-A,Prionotus longispinosus
274-C,Prionotus longispinosus
291-A,Prionotus longispinosus
295-A,Caulolatilus intermedius
303-A,Pristipomoides aquilonaris
328-A,Pristipomoides aquilonaris
243-A,Upeneus parvus
376-A,Sardinella aurita
386-A,Sardinella aurita
395-A,Sardinella aurita
250-A,Upeneus parvus
262-A,Ophidion welshi
269-A,Prionotus longispinosus
275-A,Prionotus longispinosus
292-A,Prionotus longispinosus
295-B,Caulolatilus intermedius
312-A,Pristipomoides aquilonaris
366-A,Hoplunnis macrura
244-A,Upeneus parvus
377-A,Sardinella aurita
387-A,Sardinella aurita
397-A,Sardinella aurita
251-A,Upeneus parvus
262-B,Ophidion welshi
272-A,Prionotus longispinosus
275-B,Prionotus longispinosus
293-A,Caulolatilus intermedius
295-C,Caulolatilus intermedius
312-B,Pristipomoides aquilonaris
368-A,Selene vomer
398-A,Sardinella aurita
471-B,Upeneus parvus
472-C,Upeneus parvus
479-A,Upeneus parvus
434-C,Lutjanus synagris
438-A,Lutjanus synagris
441-B,Lutjanus synagris
448-A,Lutjanus synagris
452-D,Upeneus parvus
457-A,Upeneus parvus
459-A,Upeneus parvus
466-C,Upeneus parvus
429-A,Lutjanus synagris
471-C,Upeneus parvus
473-A,Upeneus parvus
479-B,Upeneus parvus
435-A,Lutjanus synagris
438-B,Lutjanus synagris
441-C,Lutjanus synagris
448-B,Lutjanus synagris
453-A,Upeneus parvus
457-B,Upeneus parvus
459-B,Upeneus parvus
467-A,Upeneus parvus
431-A,Lutjanus synagris
471-D,Upeneus parvus
473-B,Upeneus parvus
479-C,Upeneus parvus
435-B,Lutjanus synagris
439-A,Lutjanus synagris
443-A,Lutjanus synagris
450-A,Lutjanus synagris
454-A,Upeneus parvus
457-C,Upeneus parvus
460-A,Upeneus parvus
468-A,Upeneus parvus
432-A,Lutjanus synagris
471-E,Upeneus parvus
475-A,Upeneus parvus
480-A,Upeneus parvus
436-A,Lutjanus synagris
439-B,Lutjanus synagris
443-B,Lutjanus synagris
450-B,Lutjanus synagris
454-B,Upeneus parvus
458-A,Upeneus parvus
460-B,Upeneus parvus
468-B,Upeneus parvus
432-B,Lutjanus synagris
471-F,Upeneus parvus
475-B,Upeneus parvus
480-B,Upeneus parvus
437-A,Lutjanus synagris
439-C,Lutjanus synagris
443-C,Lutjanus synagris
450-C,Lutjanus synagris
454-C,Upeneus parvus
458-B,Upeneus parvus
460-C,Upeneus parvus
469-A,Upeneus parvus
432-C,Lutjanus synagris
471-G,Upeneus parvus
477-A,Upeneus parvus
481-A,Upeneus parvus
437-B,Lutjanus synagris
440-A,Lutjanus synagris
444-A,Lutjanus synagris
452-A,Upeneus parvus
455-A,Upeneus parvus
458-C,Upeneus parvus
465-A,Upeneus parvus
470-A,Upeneus parvus
434-A,Lutjanus synagris
472-A,Upeneus parvus
478-A,Upeneus parvus
481-B,Upeneus parvus
437-C,Lutjanus synagris
440-B,Lutjanus synagris
446-A,Lutjanus synagris
452-B,Upeneus parvus
456-A,Upeneus parvus
458-D,Upeneus parvus
466-A,Upeneus parvus
470-B,Upeneus parvus
434-B,Lutjanus synagris
472-B,Upeneus parvus
478-B,Upeneus parvus
511-A,Lepophidium brevibarbe
437-D,Lutjanus synagris
441-A,Lutjanus synagris
446-B,Lutjanus synagris
452-C,Upeneus parvus
456-B,Upeneus parvus
458-E,Upeneus parvus
466-B,Upeneus parvus
471-A,Upeneus parvus
511-B,Lepophidium brevibarbe
566-A,Lepophidium brevibarbe
570-B,Lepophidium brevibarbe
578-A,Lepophidium brevibarbe
516-A,Lepophidium brevibarbe
523-A,Lepophidium brevibarbe
533-A,Lepophidium brevibarbe
540-A,Lepophidium brevibarbe
543-C,Lepophidium brevibarbe
554-B,Lepophidium brevibarbe
557-A,Lepophidium brevibarbe
560-E,Lepophidium brevibarbe
511-C,Lepophidium brevibarbe
566-B,Lepophidium brevibarbe
571-A,Lepophidium brevibarbe
578-B,Lepophidium brevibarbe
516-B,Lepophidium brevibarbe
523-B,Lepophidium brevibarbe
533-B,Lepophidium brevibarbe
541-A,Lepophidium brevibarbe
544-A,Lepophidium brevibarbe
555-A,Lepophidium brevibarbe
558-A,Lepophidium brevibarbe
561-A,Lepophidium brevibarbe
511-D,Lepophidium brevibarbe
567-A,Lepophidium brevibarbe
571-B,Lepophidium brevibarbe
579-A,Lepophidium brevibarbe
516-C,Lepophidium brevibarbe
524-A,Lepophidium brevibarbe
534-A,Lepophidium brevibarbe
541-B,Lepophidium brevibarbe
547-A,Lepophidium brevibarbe
555-B,Lepophidium brevibarbe
558-B,Lepophidium brevibarbe
562-A,Lepophidium brevibarbe
512-A,Lepophidium brevibarbe
567-B,Lepophidium brevibarbe
571-C,Lepophidium brevibarbe
580-A,Lepophidium brevibarbe
517-A,Lepophidium brevibarbe
525-A,Lepophidium brevibarbe
534-B,Lepophidium brevibarbe
542-A,Lepophidium brevibarbe
548-A,Lepophidium brevibarbe
555-C,Lepophidium brevibarbe
558-C,Lepophidium brevibarbe
563-A,Lepophidium brevibarbe
512-B,Lepophidium brevibarbe
568-A,Lepophidium brevibarbe
573-A,Lepophidium brevibarbe
580-B,Lepophidium brevibarbe
519-A,Lepophidium brevibarbe
526-A,Lepophidium brevibarbe
536-A,Lepophidium brevibarbe
542-B,Lepophidium brevibarbe
549-A,Lepophidium brevibarbe
556-A,Lepophidium brevibarbe
559-A,Lepophidium brevibarbe
563-B,Lepophidium brevibarbe
512-C,Lepophidium brevibarbe
568-B,Lepophidium brevibarbe
573-B,Lepophidium brevibarbe
580-C,Lepophidium brevibarbe
519-B,Lepophidium brevibarbe
527-A,Lepophidium brevibarbe
538-A,Lepophidium brevibarbe
542-C,Lepophidium brevibarbe
553-A,Lepophidium brevibarbe
556-B,Lepophidium brevibarbe
560-A,Lepophidium brevibarbe
564-A,Lepophidium brevibarbe
515-A,Lepophidium brevibarbe
569-a,Lepophidium brevibarbe
575-A,Lepophidium brevibarbe
731-A,Ophidion welshi
520-A,Lepophidium brevibarbe
528-A,Lepophidium brevibarbe
539-A,Lepophidium brevibarbe
543-A,Lepophidium brevibarbe
553-B,Lepophidium brevibarbe
556-C,Lepophidium brevibarbe
560-B,Lepophidium brevibarbe
564-B,Lepophidium brevibarbe
515-B,Lepophidium brevibarbe
569-B,Lepophidium brevibarbe
577-A,Lepophidium brevibarbe
573-A,Lepophidium brevibarbe
522-A,Lepophidium brevibarbe
530-A,Lepophidium brevibarbe
539-B,Lepophidium brevibarbe
543-B,Lepophidium brevibarbe
554-A,Lepophidium brevibarbe
556-D,Lepophidium brevibarbe
560-D,Lepophidium brevibarbe
565-A,Lepophidium brevibarbe
554-C,Lepophidium brevibarbe
731-B,Ophidion welshi
738-A,Ophidion welshi
750-A,Decapterus punctatus
764-A,Caulolatilus intermedius
768-B,Caulolatilus intermedius
772-C,Caulolatilus intermedius
774-D,Caulolatilus intermedius
1226-A,Scomberomorus cavalla
732-A,Ophidion welshi
740-A,Ophidion welshi
756-A,Decapterus punctatus
764-B,Caulolatilus intermedius
769-A,Caulolatilus intermedius
773-A,Caulolatilus intermedius
777-A,Urophycis cirrata
1227-A,Scomberomorus cavalla
733-A,Ophidion welshi
740-B,Ophidion welshi
759-A,Decapterus punctatus
765-A,Caulolatilus intermedius
770-A,Caulolatilus intermedius
773-B,Caulolatilus intermedius
779-A,Urophycis cirrata
1228-A,Scomberomorus cavalla
734-A,Ophidion welshi
741-A,Decapterus punctatus
762-A,Mullus auratus
766-A,Caulolatilus intermedius
770-B,Caulolatilus intermedius
773-C,Caulolatilus intermedius
779-B,Urophycis cirrata
1228-B,Scomberomorus cavalla
734-B,Ophidion welshi
742-A,Decapterus punctatus
762-B,Mullus auratus
766-B,Caulolatilus intermedius
771-A,Caulolatilus intermedius
773-D,Caulolatilus intermedius
779-C,Urophycis cirrata
1228-C,Scomberomorus cavalla
735-A,Ophidion welshi
743-A,Decapterus punctatus
762-C,Mullus auratus
767-A,Caulolatilus intermedius
771-B,Caulolatilus intermedius
774-A,Caulolatilus intermedius
779-D,Urophycis cirrata
1229-D,Scomberomorus cavalla
736-A,Ophidion welshi
744-A,Decapterus punctatus
763-A,Mullus auratus
767-B,Caulolatilus intermedius
772-A,Caulolatilus intermedius
774-B,Caulolatilus intermedius
1224-A,Sardinella aurita
1229-E,Scomberomorus cavalla
737-A,Ophidion welshi
747-A,Decapterus punctatus
763-D,Mullus auratus
768-A,Caulolatilus intermedius
772-B,Caulolatilus intermedius
774-C,Caulolatilus intermedius
1225-A,Scomberomorus cavalla
767-C,Caulolatilus intermedius
1713-A,Thunnus albacares
1735-B,Lutjanus campechanus
1736-G,Lutjanus campechanus
1740-B,Lutjanus campechanus
1714-D1,Mycteroperca interstitialis
1717-A,Lutjanus campechanus
1723-A,Lutjanus campechanus
1725-E,Lutjanus campechanus
1728-A,Lutjanus campechanus
1730-A,Lutjanus campechanus
1732-C,Lutjanus campechanus
1733-E,Lutjanus campechanus
1713-B,Thunnus albacares
1735-C,Lutjanus campechanus
1737-A,Lutjanus campechanus
1740-C,Lutjanus campechanus
1714-D2,Mycteroperca interstitialis
1717-B,Lutjanus campechanus
1723-B,Lutjanus campechanus
1725-F,Lutjanus campechanus
1728-B,Lutjanus campechanus
1731-A,Lutjanus campechanus
1732-D,Lutjanus campechanus
1733-F,Lutjanus campechanus
1713-C1,Thunnus albacares
1736-A,Lutjanus campechanus
1737-B,Lutjanus campechanus
1740-D,Lutjanus campechanus
1715-A,Lutjanus campechanus
1719-A,Lutjanus campechanus
1723-C,Lutjanus campechanus
1725-G,Lutjanus campechanus
1728-C,Lutjanus campechanus
1731-B,Lutjanus campechanus
1732-E,Lutjanus campechanus
1733-G,Lutjanus campechanus
1713-C2,Thunnus albacares
1736-B,Lutjanus campechanus
1738-A,Lutjanus campechanus
1740-E,Lutjanus campechanus
1715-B,Lutjanus campechanus
1719-B,Lutjanus campechanus
1724-A,Lutjanus campechanus
1725-H,Lutjanus campechanus
1728-D,Lutjanus campechanus
1731-C,Lutjanus campechanus
1732-F,Lutjanus campechanus
1733-I,Lutjanus campechanus
1713-C3,Thunnus albacares
1736-C,Lutjanus campechanus
1739-A,Lutjanus campechanus
1741-A,Lutjanus campechanus
1715-C,Lutjanus campechanus
1720-A,Lutjanus campechanus
1725-A,Lutjanus campechanus
1726-A,Lutjanus campechanus
1728-E,Lutjanus campechanus
1731-D,Lutjanus campechanus
1733-A,Lutjanus campechanus
1733-J,Lutjanus campechanus
1714-A,Mycteroperca interstitialis
1736-D,Lutjanus campechanus
1739-B,Lutjanus campechanus
1741-B,Lutjanus campechanus
1716-A,Lutjanus campechanus
1720-B,Lutjanus campechanus
1725-B,Lutjanus campechanus
1726-B,Lutjanus campechanus
1728-F,Lutjanus campechanus
1731-E,Lutjanus campechanus
1733-B,Lutjanus campechanus
1733-K,Lutjanus campechanus
1714-B,Mycteroperca interstitialis
1736-E,Lutjanus campechanus
1739-C,Lutjanus campechanus
1733-I2,Lutjanus campechanus
1716-B,Lutjanus campechanus
1721-A,Lutjanus campechanus
1725-C,Lutjanus campechanus
1727-A,Lutjanus campechanus
1728-G,Lutjanus campechanus
1732-A,Lutjanus campechanus
1733-C,Lutjanus campechanus
1734-A,Lutjanus campechanus
1714-C,Mycteroperca interstitialis
1736-F,Lutjanus campechanus
1740-A,Lutjanus campechanus
1933-M ,Sphyraena barracuda
1716-C,Lutjanus campechanus
1722-A,Lutjanus campechanus
1725-D,Lutjanus campechanus
1727-B,Lutjanus campechanus
1729-A,Lutjanus campechanus
1732-B,Lutjanus campechanus
1733-D,Lutjanus campechanus
1735-A,Lutjanus campechanus
1733-H,Lutjanus campechanus
1733-L,Lutjanus campechanus
1741-C,Lutjanus campechanus
1751-B1,Rhizoprionodon terraenovae
1752-D,Rhizoprionodon terraenovae
1752-L,Rhizoprionodon terraenovae
1743-B,Rhizoprionodon terraenovae
1744-C,Rhizoprionodon terraenovae
1745-H,Rhizoprionodon terraenovae
1746-E,Rhizoprionodon terraenovae
1746-A,Rhizoprionodon terraenovae
1746-A,Rhizoprionodon terraenovae
1747-I,Rhizoprionodon terraenovae
1748-D1,Rhizoprionodon terraenovae
1749-C,Rhizoprionodon terraenovae
1741-D,Lutjanus campechanus
1751-B2,Rhizoprionodon terraenovae
1752-E,Rhizoprionodon terraenovae
1742-A,Thunnus atlanticus
1752-M,Rhizoprionodon terraenovae
1743-C1,Rhizoprionodon terraenovae
1745-A,Rhizoprionodon terraenovae
1745-I,Rhizoprionodon terraenovae
1746-F,Rhizoprionodon terraenovae
1747-B,Rhizoprionodon terraenovae
1747-J,Rhizoprionodon terraenovae
1748-D2,Rhizoprionodon terraenovae
1749-D,Rhizoprionodon terraenovae
1741-E,Lutjanus campechanus
1751-C,Rhizoprionodon terraenovae
1752-F,Rhizoprionodon terraenovae
1752-N,Rhizoprionodon terraenovae
1793-A,Sarda sarda
1743-C2,Rhizoprionodon terraenovae
1745-B,Rhizoprionodon terraenovae
1746-A,Rhizoprionodon terraenovae
1746-A,Rhizoprionodon terraenovae
1746-G,Rhizoprionodon terraenovae
1747-C,Rhizoprionodon terraenovae
1747-K,Rhizoprionodon terraenovae
1748-E,Rhizoprionodon terraenovae
1949-E,Thunnus albacares
1742-C,Thunnus atlanticus
1751-D,Rhizoprionodon terraenovae
1752-G,Rhizoprionodon terraenovae
1751-F,Rhizoprionodon terraenovae
1752-O,Rhizoprionodon terraenovae
1743-C3,Rhizoprionodon terraenovae
1745-C,Rhizoprionodon terraenovae
1746-B,Rhizoprionodon terraenovae
1746-H,Rhizoprionodon terraenovae
1747-D,Rhizoprionodon terraenovae
1747-L,Rhizoprionodon terraenovae
1747-L,Rhizoprionodon terraenovae
1748-F,Rhizoprionodon terraenovae
1749-F,Rhizoprionodon terraenovae
1742-D,Thunnus atlanticus
1751-E,Rhizoprionodon terraenovae
1751-E,Rhizoprionodon terraenovae
1752-H,Rhizoprionodon terraenovae
1752-H,Rhizoprionodon terraenovae
1748-A,Rhizoprionodon terraenovae
1752-P,Rhizoprionodon terraenovae
1752-P,Rhizoprionodon terraenovae
1743-D,Rhizoprionodon terraenovae
1745-D,Rhizoprionodon terraenovae
1746-B2,Rhizoprionodon terraenovae
1746-B2,Rhizoprionodon terraenovae
1746-I,Rhizoprionodon terraenovae
1747-E,Rhizoprionodon terraenovae
1747-E,Rhizoprionodon terraenovae
1747-M,Rhizoprionodon terraenovae
1747-M,Rhizoprionodon terraenovae
1748-G,Rhizoprionodon terraenovae
1750-A,Rhizoprionodon terraenovae
1750-A,Rhizoprionodon terraenovae
1742-E,Thunnus atlanticus
1742-E,Thunnus atlanticus
1752-A,Rhizoprionodon terraenovae
1752-A,Rhizoprionodon terraenovae
1752-I,Rhizoprionodon terraenovae
1752-J,Rhizoprionodon terraenovae
1752-J,Rhizoprionodon terraenovae
1752-Q,Rhizoprionodon terraenovae
1752-Q,Rhizoprionodon terraenovae
1743-E,Rhizoprionodon terraenovae
1743-E,Rhizoprionodon terraenovae
1745-E,Rhizoprionodon terraenovae
1745-E,Rhizoprionodon terraenovae
1746-B3,Rhizoprionodon terraenovae
1746-J,Rhizoprionodon terraenovae
1746-J,Rhizoprionodon terraenovae
1747-F,Rhizoprionodon terraenovae
1747-N,Rhizoprionodon terraenovae
1747-N,Rhizoprionodon terraenovae
1748-H,Rhizoprionodon terraenovae
1751-A1,Rhizoprionodon terraenovae
1751-A1,Rhizoprionodon terraenovae
1742-F,Thunnus atlanticus
1742-F,Thunnus atlanticus
1752-B,Rhizoprionodon terraenovae
1752-B,Rhizoprionodon terraenovae
1752-J,Rhizoprionodon terraenovae
1752-J,Rhizoprionodon terraenovae
1752-R,Rhizoprionodon terraenovae
1744-A,Rhizoprionodon terraenovae
1745-F,Rhizoprionodon terraenovae
1745-F,Rhizoprionodon terraenovae
1746-C,Rhizoprionodon terraenovae
1746-K,Rhizoprionodon terraenovae
1747-G,Rhizoprionodon terraenovae
1748-B,Rhizoprionodon terraenovae
1748-B,Rhizoprionodon terraenovae
1749-A,Rhizoprionodon terraenovae
1749-A,Rhizoprionodon terraenovae
1751-A2,Rhizoprionodon terraenovae
1751-A2,Rhizoprionodon terraenovae
1742-G,Thunnus atlanticus
1752-C,Rhizoprionodon terraenovae
1752-C,Rhizoprionodon terraenovae
1752-K,Rhizoprionodon terraenovae
1752-S,Rhizoprionodon terraenovae
1744-B,Rhizoprionodon terraenovae
1744-B,Rhizoprionodon terraenovae
1745-G,Rhizoprionodon terraenovae
1746-D,Rhizoprionodon terraenovae
1746-D,Rhizoprionodon terraenovae
1746-L,Rhizoprionodon terraenovae
1746-L,Rhizoprionodon terraenovae
1747-H,Rhizoprionodon terraenovae
1748-C,Rhizoprionodon terraenovae
1748-C,Rhizoprionodon terraenovae
1749-B,Rhizoprionodon terraenovae
1751-A3,Rhizoprionodon terraenovae
1751-A3,Rhizoprionodon terraenovae
1742-A,Thunnus atlanticus
1743-A,Rhizoprionodon terraenovae
1748-A,Rhizoprionodon terraenovae
1749-E,Rhizoprionodon terraenovae
1751-F,Rhizoprionodon terraenovae
1752-J,Rhizoprionodon terraenovae
1752-J,Rhizoprionodon terraenovae
1752-T,Rhizoprionodon terraenovae
1753-B,Rachycentron canadum
1764-B,Thunnus atlanticus
1765-F,Thunnus atlanticus
1768-B3,Scomberomorus cavalla
1754-C,Lutjanus campechanus
1755-H,Lutjanus campechanus
1756-D,Lutjanus campechanus
1758-B,Lutjanus campechanus
1758-M,Lutjanus campechanus
1759-F,Thunnus atlanticus
1763-A,Thunnus atlanticus
1763-I,Thunnus atlanticus
1753-C,Rachycentron canadum
1764-C,Thunnus atlanticus
1765-G,Thunnus atlanticus
1753-A,Rachycentron canadum
1754-D,Lutjanus campechanus
1755-I,Lutjanus campechanus
1757-B,Lutjanus campechanus
1758-F,Lutjanus campechanus
1758-N,Lutjanus campechanus
1759-G,Thunnus atlanticus
1763-B,Thunnus atlanticus
1763-J,Thunnus atlanticus
1753-D,Rachycentron canadum
1764-D,Thunnus atlanticus
1765-H,Thunnus atlanticus
1757-A,Lutjanus campechanus
1755-A,Lutjanus campechanus
1755-I2,Lutjanus campechanus
1757-C,Lutjanus campechanus
1758-G,Lutjanus campechanus
1758-O,Lutjanus campechanus
1760-B,Thunnus atlanticus
1763-C,Thunnus atlanticus
1763-K,Thunnus atlanticus
1753-E,Rachycentron canadum
1764-E,Thunnus atlanticus
1766-B,Lutjanus campechanus
1758-A,Lutjanus campechanus
1755-B,Lutjanus campechanus
1755-I3,Lutjanus campechanus
1757-D,Lutjanus campechanus
1758-H,Lutjanus campechanus
1759-A,Thunnus atlanticus
1760-C,Thunnus atlanticus
1763-D,Thunnus atlanticus
1763-L,Thunnus atlanticus
1753-F,Rachycentron canadum
1765-B,Thunnus atlanticus
1766-C,Lutjanus campechanus
1760-A,Thunnus atlanticus
1755-D,Lutjanus campechanus
1755-J,Lutjanus campechanus
1757-E,Lutjanus campechanus
1758-I,Lutjanus campechanus
1759-B,Thunnus atlanticus
1760-D,Thunnus atlanticus
1763-E,Thunnus atlanticus
1763-M,Thunnus atlanticus
1753-G,Rachycentron canadum
1765-C,Thunnus atlanticus
1766-D,Lutjanus campechanus
1765-A,Thunnus atlanticus
1755-E,Lutjanus campechanus
1756-A,Lutjanus campechanus
1757-F,Lutjanus campechanus
1758-J,Lutjanus campechanus
1759-C,Thunnus atlanticus
1760-E,Thunnus atlanticus
1763-F,Thunnus atlanticus
1763-N,Thunnus atlanticus
1754-A,Lutjanus campechanus
1765-D,Thunnus atlanticus
1768-B1,Scomberomorus cavalla
1762-A,Thunnus atlanticus
1766-A,Lutjanus campechanus
1755-F,Lutjanus campechanus
1756-B,Lutjanus campechanus
1757-G,Lutjanus campechanus
1758-K,Lutjanus campechanus
1759-D,Thunnus atlanticus
1761-A,Thunnus atlanticus
1763-G,Thunnus atlanticus
1763-O,Thunnus atlanticus
1754-B,Lutjanus campechanus
1765-E,Thunnus atlanticus
1768-B2,Scomberomorus cavalla
1767-A,Scomberomorus cavalla
1768-A,Scomberomorus cavalla
1755-G,Lutjanus campechanus
1756-C,Lutjanus campechanus
1757-H,Lutjanus campechanus
1758-L,Lutjanus campechanus
1759-E,Thunnus atlanticus
1762-B,Thunnus atlanticus
1763-H,Thunnus atlanticus
1764-A,Thunnus atlanticus
1762-A,Thunnus atlanticus
1767-A,Scomberomorus cavalla
1768-C,Scomberomorus cavalla
1798-H,Thunnus atlanticus
1798-P,Thunnus atlanticus
1770-B,Scomberomorus cavalla
1769-G,Scomberomorus cavalla
1771-B2,Scomberomorus cavalla
1786-A1,Seriola dumerili
1790-C,Seriola dumerili
1791-A,Scomberomorus cavalla
1794-F,Sarda sarda
1796-G,Thunnus atlanticus
1797-F,Thunnus atlanticus
1768-D,Scomberomorus cavalla
1798-I,Thunnus atlanticus
1798-Q,Thunnus atlanticus
1787-A,Seriola dumerili
1769-H,Scomberomorus cavalla
1771-B3,Scomberomorus cavalla
1786-B1,Seriola dumerili/ caranx crysos
1790-D,Seriola dumerili
1791-B,Scomberomorus cavalla
1795-A,Thunnus atlanticus
1796-H,Thunnus atlanticus
1797-G,Thunnus atlanticus
1768-E,Scomberomorus cavalla
1798-J,Thunnus atlanticus
1798-R,Thunnus atlanticus
1789-A,Seriola dumerili
1770-C1,Scomberomorus cavalla
1771-C,Scomberomorus cavalla
1786-C,Seriola dumerili
1790-E,Seriola dumerili
1791-D,Scomberomorus cavalla
1795-B,Thunnus atlanticus
1796-I,Thunnus atlanticus
1798-B,Thunnus atlanticus
1769-A,Scomberomorus cavalla
1798-K,Thunnus atlanticus
1798-S,Thunnus atlanticus
1789-C,Seriola dumerili
1770-C2,Scomberomorus cavalla
1771-D,Scomberomorus cavalla
1787-B,Seriola dumerili
1790-F,Seriola dumerili
1793-A,Sarda sarda
1796-B,Thunnus atlanticus
1797-A,Thunnus atlanticus
1798-C,Thunnus atlanticus
1769-B,Scomberomorus cavalla
1798-L,Thunnus atlanticus
1799-B,Thunnus atlanticus
1790-A,Seriola dumerili
1770-C3,Scomberomorus cavalla
1771-E,Scomberomorus cavalla
1787-C,Seriola dumerili
1790-G,Seriola dumerili
1794-B,Sarda sarda
1796-C,Thunnus atlanticus
1797-B,Thunnus atlanticus
1798-D,Thunnus atlanticus
1769-C,Scomberomorus cavalla
1798-M,Thunnus atlanticus
1799-C,Thunnus atlanticus
1791-C,Scomberomorus cavalla
1770-D,Scomberomorus cavalla
1771-F,Scomberomorus cavalla
1787-C2,Seriola dumerili
1790-H,Seriola dumerili
1794-C,Sarda sarda
1796-D,Thunnus atlanticus
1797-C,Thunnus atlanticus
1798-E,Thunnus atlanticus
1769-E,Scomberomorus cavalla
1798-N,Thunnus atlanticus
1769-D,Scomberomorus cavalla
1794-A,Sarda sarda
1771-A,Scomberomorus cavalla
1771-G,Scomberomorus cavalla
1789-D,Seriola dumerili
1790-I,Seriola dumerili
1794-D,Sarda sarda
1796-E,Thunnus atlanticus
1797-D,Thunnus atlanticus
1798-F,Thunnus atlanticus
1769-F,Scomberomorus cavalla
1798-O,Thunnus atlanticus
1770-A,Scomberomorus cavalla
1796-A,Thunnus atlanticus
1771-B1,Scomberomorus cavalla
1786-A,Seriola dumerili
1790-B,Seriola dumerili
1790-J,Seriola dumerili
1794-E,Sarda sarda
1796-F,Thunnus atlanticus
1797-E,Thunnus atlanticus
1798-G,Thunnus atlanticus
1799-A,Thunnus atlanticus
1799-D,Thunnus atlanticus
1905-B,Thunnus albacares
1905-K,Thunnus albacares
1802-A,Seriola dumerili
1799-N,Thunnus atlanticus
1800-F,Seriola dumerili
1802-C,Seriola dumerili
1805-B,Seriola dumerili
1901-B,Thunnus albacares
1902-C,Thunnus albacares
1902-K,Thunnus albacares
1902-S,Thunnus albacares
1799-E,Thunnus atlanticus
1905-C,Thunnus albacares
1905-L,Thunnus albacares
1803-A,Seriola dumerili
1799-O,Thunnus atlanticus
1800-G,Seriola dumerili
1803-B,Seriola dumerili
1808-A,Seriola dumerili
1901-C,Thunnus albacares
1902-D,Thunnus albacares
1902-L,Thunnus albacares
1902-T,Thunnus albacares
1799-F,Thunnus atlanticus
1905-D,Thunnus albacares
1905-M,Thunnus albacares
1804-A,Seriola dumerili
1799-P,Thunnus atlanticus
1800-H,Seriola dumerili
1803-C,Seriola dumerili
1810-A2,Seriola dumerili/Rhomboplites aurorubens
1901-C1,Thunnus albacares
1902-E,Thunnus albacares
1902-M,Thunnus albacares
1902-U,Thunnus albacares
1799-H,Thunnus atlanticus
1905-E,Thunnus albacares
1905-O,Thunnus albacares
1806-A,Seriola dumerili
1800-A,Seriola dumerili
1800-I,Seriola dumerili
1803-D,Seriola dumerili
1810-A3,Seriola dumerili/Rhomboplites aurorubens
1901-D,Thunnus albacares
1902-F,Thunnus albacares
1902-N,Thunnus albacares
1902-W,Thunnus albacares
1799-J,Thunnus atlanticus
1905-G,Thunnus albacares
1905-N,Thunnus albacares
1807-A,Seriola dumerili
1800-B,Seriola dumerili
1800-J,Seriola dumerili
1804-B,Seriola dumerili
1810-B,Seriola dumerili
1901-E,Thunnus albacares
1902-G,Thunnus albacares
1902-O,Thunnus albacares
1902-X,Thunnus albacares
1799-K,Thunnus atlanticus
1905-H,Thunnus albacares
1905-P,Thunnus albacares
1809-A,Seriola dumerili
1800-C,Seriola dumerili
1800-K,Seriola dumerili
1804-C,Seriola dumerili
1811-A,Lutjanus griseus
1901-F,Thunnus albacares
1902-H,Thunnus albacares
1902-P,Thunnus albacares
1902-Y,Thunnus albacares
1799-L,Thunnus atlanticus
1905-I,Thunnus albacares
1905-Q,Thunnus albacares
1815-A,Scomberomorus cavalla
1800-D,Seriola dumerili
1800-L,Seriola dumerili
1804-D,Seriola dumerili
1811-B,Lutjanus griseus
1901-H,Thunnus albacares
1902-I,Thunnus albacares
1902-Q,Thunnus albacares
1902-Z,Thunnus albacares
1799-M,Thunnus atlanticus
1905-J,Thunnus albacares
1801-B,Seriola dumerili
1902-B,Thunnus albacares
1800-E,Seriola dumerili
1802-B,Seriola dumerili
1805-A,Seriola dumerili
1901-A,Thunnus albacares
1902-A,Thunnus albacares
1902-J,Thunnus albacares
1902-R,Thunnus albacares
1905-A,Thunnus albacares
1905-R,Thunnus albacares
1929-D,Acanthocybium solandri
1929-L,Acanthocybium solandri
1932-C,Sphyraena barracuda
1905-Z,Thunnus albacares
1906-H,Thunnus albacares
1907-C,Thunnus albacares
1910-E,Lutjanus cyanopterus
1915-A,Lutjanus griseus
1915-I,Lutjanus griseus
1916-F,Archosargus probatocephalus
1917-D3,Pogonias cromis
1905-S,Thunnus albacares
1929-E,Acanthocybium solandri
1929-M,Acanthocybium solandri
1933-A,Sphyraena barracuda
1906-A,Thunnus albacares
1906-I,Thunnus albacares
1907-E,Thunnus albacares
1910-F,Lutjanus cyanopterus
1915-B,Lutjanus griseus
1916-A,Archosargus probatocephalus
1917-A,Pogonias cromis
1927-A,Sarda sarda
1905-T,Thunnus albacares
1929-F,Acanthocybium solandri
1930-A,Sphyraena barracuda
1934-A,Sphyraena barracuda
1906-B,Thunnus albacares
1906-J,Thunnus albacares
1907-F,Thunnus albacares
1911-A,Lutjanus cyanopterus
1915-C,Lutjanus griseus
1916-B1,Archosargus probatocephalus
1917-B1,Pogonias cromis
1927-B,Sarda sarda
1905-U,Thunnus albacares
1929-G,Acanthocybium solandri
1930-B,Sphyraena barracuda
1935-A,Sphyraena barracuda
1906-C,Thunnus albacares
1906-K,Thunnus albacares
1907-G,Thunnus albacares
1911-B,Lutjanus cyanopterus
1915-D,Lutjanus griseus
1916-B2,Archosargus probatocephalus
1917-B2,Pogonias cromis
1928-A,Sarda sarda
1905-V,Thunnus albacares
1929-H,Acanthocybium solandri
1931-A,Sphyraena barracuda
1936-A,Thunnus albacares
1906-D,Thunnus albacares
1906-L,Thunnus albacares
1910-A,Lutjanus cyanopterus
1911-C,Lutjanus cyanopterus
1915-E,Lutjanus griseus
1916-B3,Archosargus probatocephalus
1917-B3,Pogonias cromis
1928-B,Sarda sarda
1905-W,Thunnus albacares
1929-I,Acanthocybium solandri
1931-B,Sphyraena barracuda
1936-B,Thunnus albacares
1906-E,Thunnus albacares
1906-M,Thunnus albacares
1910-B,Lutjanus cyanopterus
1911-D,Lutjanus cyanopterus
1915-F,Lutjanus griseus
1916-C,Archosargus probatocephalus
1917-C,Pogonias cromis
1929-A,Acanthocybium solandri
1905-X,Thunnus albacares
1929-J,Acanthocybium solandri
1932-A,Sphyraena barracuda
1936-C,Thunnus albacares
1906-F,Thunnus albacares
1907-A,Thunnus albacares
1910-C,Lutjanus cyanopterus
1913-A,Lutjanus analis
1915-G,Lutjanus griseus
1916-D,Archosargus probatocephalus
1917-D1,Pogonias cromis
1929-B,Acanthocybium solandri
1905-Y,Thunnus albacares
1929-K,Acanthocybium solandri
1932-B,Sphyraena barracuda
1906-G,Thunnus albacares
1907-B,Thunnus albacares
1910-D,Lutjanus cyanopterus
1913-B,Lutjanus analis
1915-H,Lutjanus griseus
1916-E,Archosargus probatocephalus
1917-D2,Pogonias cromis
1929-C,Acanthocybium solandri
1913-C,Lutjanus analis
01-A,Larimus fasciatus
47-A,Larimus fasciatus
93-A,Cyclopsetta chittendeni
125-A,Cyclopsetta chittendeni
04-B,Larimus fasciatus
07-A,Larimus fasciatus
11-B,Larimus fasciatus
17-C,Larimus fasciatus
23-A,Larimus fasciatus
36-A,Larimus fasciatus
39-A,Larimus fasciatus
43-A,Larimus fasciatus
01-B,Larimus fasciatus
52-A,Larimus fasciatus
107-A,Cyclopsetta chittendeni
128-A,Cyclopsetta chittendeni
05-A,Larimus fasciatus
07-B,Larimus fasciatus
12-A,Larimus fasciatus
17-D,Larimus fasciatus
23-B,Larimus fasciatus
36-B,Larimus fasciatus
39-B,Larimus fasciatus
44-A,Larimus fasciatus
01-C,Larimus fasciatus
55-A,Larimus fasciatus
108-A,Cyclopsetta chittendeni
129-A,Cyclopsetta chittendeni
05-B,Larimus fasciatus
07-C,Larimus fasciatus
12-B,Larimus fasciatus
18-A,Larimus fasciatus
24-A,Larimus fasciatus
36-C,Larimus fasciatus
39-C,Larimus fasciatus
45-A,Larimus fasciatus
02-A,Larimus fasciatus
57-A,Larimus fasciatus
109-A,Cyclopsetta chittendeni
130-A,Cyclopsetta chittendeni
05-C,Larimus fasciatus
08-A,Larimus fasciatus
13-A,Larimus fasciatus
19-A,Larimus fasciatus
24-B,Larimus fasciatus
37-A,Larimus fasciatus
40-A,Larimus fasciatus
45-B,Larimus fasciatus
02-B,Larimus fasciatus
58-A,Larimus fasciatus
114-A,Cyclopsetta chittendeni
132-A,Cyclopsetta chittendeni
05-D,Larimus fasciatus
08-B,Larimus fasciatus
15-A,Larimus fasciatus
21-A,Larimus fasciatus
25-A,Larimus fasciatus
37-B,Larimus fasciatus
40-B,Larimus fasciatus
46-A,Larimus fasciatus
03-A,Larimus fasciatus
59-A,Larimus fasciatus
115-A,Cyclopsetta chittendeni
133-A,Cyclopsetta chittendeni
06-A,Larimus fasciatus
09-A,Larimus fasciatus
15-B,Larimus fasciatus
21-C,Larimus fasciatus
27-A,Larimus fasciatus
37-C,Larimus fasciatus
41-A,Larimus fasciatus
46-B,Larimus fasciatus
03-B,Larimus fasciatus
91-A,Cyclopsetta chittendeni
123-A,Cyclopsetta chittendeni
136-A,Cyclopsetta chittendeni
06-B,Larimus fasciatus
10-A,Larimus fasciatus
16-A,Larimus fasciatus
21-D,Larimus fasciatus
29-A,Larimus fasciatus
38-A,Larimus fasciatus
42-A,Larimus fasciatus
46-C,Larimus fasciatus
04-A,Larimus fasciatus
92-A,Cyclopsetta chittendeni
124-A,Cyclopsetta chittendeni
1917-C1,Pogonias cromis
06-C,Larimus fasciatus
11-A,Larimus fasciatus
17-A,Larimus fasciatus
22-A,Larimus fasciatus
30-A,Larimus fasciatus
38-B,Larimus fasciatus
42-B,Larimus fasciatus
46-D,Larimus fasciatus
46-E,Larimus fasciatus
139-A,Cyclopsetta chittendeni
413-A,Mullus auratus
425-B,Mullus auratus
428-B,Mullus auratus
177-A,Selene setapinnis
186-A,Upeneus parvus
194-A,Upeneus parvus
200-A,Upeneus parvus
203-E,Upeneus parvus
336-B,Lepophidium brevibarbe
350-A,Lepophidium brevibarbe
359-A,Lepophidium brevibarbe
165-A,Selene setapinnis
416-A,Mullus auratus
425-C,Mullus auratus
179-A,Selene setapinnis
186-B,Upeneus parvus
194-B,Upeneus parvus
201-A,Upeneus parvus
204-A,Upeneus parvus
336-C,Lepophidium brevibarbe
350-B,Lepophidium brevibarbe
400-A,Mullus auratus
165-B,Selene setapinnis
420-A,Mullus auratus
425-D,Mullus auratus
180-A,Selene setapinnis
187-A,Upeneus parvus
196-A,Upeneus parvus
201-B,Upeneus parvus
209-A,Upeneus parvus
340-A,Lepophidium brevibarbe
350-C,Lepophidium brevibarbe
401-A,Mullus auratus
166-A,Selene setapinnis
422-A,Mullus auratus
425-E,Mullus auratus
181-A,Upeneus parvus
188-A,Upeneus parvus
196-B,Upeneus parvus
202-A,Upeneus parvus
230-A,Cyclopsetta chittendeni
230-A,Cyclopsetta chittendeni
341-A,Lepophidium brevibarbe
351-A,Lepophidium brevibarbe
403-A,Mullus auratus
168-A,Selene setapinnis
423-A,Mullus auratus
426-A,Mullus auratus
182-A,Upeneus parvus
188-B,Upeneus parvus
197-A,Upeneus parvus
203-A,Upeneus parvus
332-A,Lepophidium brevibarbe
344-A,Lepophidium brevibarbe
352-A,Lepophidium brevibarbe
406-A,Mullus auratus
170-A,Selene setapinnis
423-B,Mullus auratus
426-B,Mullus auratus
183-A,Upeneus parvus
189-A,Upeneus parvus
197-B,Upeneus parvus
203-B,Upeneus parvus
332-B,Lepophidium brevibarbe
346-A,Lepophidium brevibarbe
352-B,Lepophidium brevibarbe
408-A,Mullus auratus
171-A,Selene setapinnis
424-A,Mullus auratus
427-A,Mullus auratus
184-A,Upeneus parvus
190-A,Upeneus parvus
198-A,Upeneus parvus
203-C,Upeneus parvus
334-A,Lepophidium brevibarbe
347-A,Lepophidium brevibarbe
352-C,Lepophidium brevibarbe
411-A,Mullus auratus
174-A,Selene setapinnis
425-A,Mullus auratus
428-A,Mullus auratus
185-A,Upeneus parvus
193-A,Upeneus parvus
199-A,Upeneus parvus
203-D,Upeneus parvus
336-A,Lepophidium brevibarbe
349-A,Lepophidium brevibarbe
356-A,Lepophidium brevibarbe
412-A,Mullus auratus
205-B,Upeneus parvus
1654-A,Scomberomorus cavalla
1675-B,Lutjanus campechanus
1675-J,Lutjanus campechanus
1682-F,Rhizoprionodon terraenovae
1655-D,Scomberomorus cavalla
1657-E,Scomberomorus cavalla
1657-M,Scomberomorus cavalla
1663-A,Scomberomorus cavalla
1666-E,Scomberomorus cavalla
1668-A,Scomberomorus cavalla
1669-F,Scomberomorus cavalla
1670-F,Scomberomorus cavalla
1654-B,Scomberomorus cavalla
1675-C,Lutjanus campechanus
1682-A,Rhizoprionodon terraenovae
1682-G,Rhizoprionodon terraenovae
1656-A,Scomberomorus cavalla
1657-F,Scomberomorus cavalla
1657-N,Scomberomorus cavalla
1664-A,Scomberomorus cavalla
1666-F,Scomberomorus cavalla
1668-B,Scomberomorus cavalla
1669-G,Scomberomorus cavalla
1670-G,Scomberomorus cavalla
1654-C,Scomberomorus cavalla
1675-D,Lutjanus campechanus
1682-B,Rhizoprionodon terraenovae
1682-H,Rhizoprionodon terraenovae
1656-B,Scomberomorus cavalla
1657-G,Scomberomorus cavalla
1658-A,Scomberomorus cavalla
1664-B,Scomberomorus cavalla
1666-G,Scomberomorus cavalla
1668-C,Scomberomorus cavalla
1669-H,Scomberomorus cavalla
1673-A,Lutjanus campechanus
1654-D,Scomberomorus cavalla
1675-E,Lutjanus campechanus
1682-C1,Rhizoprionodon terraenovae
1982-I,Rhizoprionodon terraenovae
1656-C,Scomberomorus cavalla
1657-H,Scomberomorus cavalla
1658-B,Scomberomorus cavalla
1664-C,Scomberomorus cavalla
1667-A,Scomberomorus cavalla
1669-A,Scomberomorus cavalla
1670-A,Scomberomorus cavalla
1673-B,Lutjanus campechanus
1654-E,Scomberomorus cavalla
1675-F,Lutjanus campechanus
1682-C2,Rhizoprionodon terraenovae
1682-J,Rhizoprionodon terraenovae
1657-A,Scomberomorus cavalla
1657-I,Scomberomorus cavalla
1658-C,Scomberomorus cavalla
1666-A,Scomberomorus cavalla
1667-B,Scomberomorus cavalla
1669-B,Scomberomorus cavalla
1670-B,Scomberomorus cavalla
1673.C,Lutjanus campechanus
1655-A,Scomberomorus cavalla
1675-G,Lutjanus campechanus
1682-C3,Rhizoprionodon terraenovae
1683-A,Rhizoprionodon terraenovae
1657-B,Scomberomorus cavalla
1657-J,Scomberomorus cavalla
1658-D,Scomberomorus cavalla
1666-B,Scomberomorus cavalla
1667-C,Scomberomorus cavalla
1669-C,Scomberomorus cavalla
1670-C,Scomberomorus cavalla
1674-A,Lutjanus campechanus
1655-B,Scomberomorus cavalla
1675-H,Lutjanus campechanus
1682-D,Rhizoprionodon terraenovae
1683-B,Rhizoprionodon terraenovae
1657-C,Scomberomorus cavalla
1657-K,Scomberomorus cavalla
1658-E,Scomberomorus cavalla
1666-C,Scomberomorus cavalla
1666-D,Scomberomorus cavalla
1669-D,Scomberomorus cavalla
1670-D,Scomberomorus cavalla
1674-B,Lutjanus campechanus
1655-C,Scomberomorus cavalla
1675-I,Lutjanus campechanus
1682-E,Rhizoprionodon terraenovae
1683-C,Rhizoprionodon terraenovae
1657-D,Scomberomorus cavalla
1657-L,Scomberomorus cavalla
1658-F,Scomberomorus cavalla
1666-D,Scomberomorus cavalla
1667-E,Scomberomorus cavalla
1669-E,Scomberomorus cavalla
1670-E,Scomberomorus cavalla
1675-A,Lutjanus campechanus
1683-D,Rhizoprionodon terraenovae
1774-L,Thunnus atlanticus
1774-T,Thunnus atlanticus
1774-BB,Thunnus atlanticus
1683-L,Rhizoprionodon terraenovae
1685-C,Rhizoprionodon terraenovae
1686-A,Lutjanus campechanus
1696-A,Rhizoprionodon terraenovae
1696-I,Rhizoprionodon terraenovae
1707-C,Lutjanus campechanus
1707-K,Lutjanus campechanus
1774-D,Thunnus atlanticus
1683-E,Rhizoprionodon terraenovae
1774-M,Thunnus atlanticus
17774-U,Thunnus atlanticus
1774-CC,Thunnus atlanticus
1683-M,Rhizoprionodon terraenovae
1685-D,Rhizoprionodon terraenovae
1686-B,Lutjanus campechanus
1696-B,Rhizoprionodon terraenovae
1696-J,Rhizoprionodon terraenovae
1707-D,Lutjanus campechanus
1707-L,Lutjanus campechanus
1774-E,Thunnus atlanticus
1683-F,Rhizoprionodon terraenovae
1774-N,Thunnus atlanticus
1774-V,Thunnus atlanticus
1774-DD,Thunnus atlanticus
1683-N,Rhizoprionodon terraenovae
1685-E,Rhizoprionodon terraenovae
1686-G,Lutjanus campechanus
1696-C,Rhizoprionodon terraenovae
1701-A,Lutjanus campechanus
1707-E,Lutjanus campechanus
1707-M,Lutjanus campechanus
1774-F,Thunnus atlanticus
1683-G,Rhizoprionodon terraenovae
1774-O,Thunnus atlanticus
1774-W,Thunnus atlanticus
1774-EE,Thunnus atlanticus
1683-O,Rhizoprionodon terraenovae
1685-F,Rhizoprionodon terraenovae
1694-A,Rhizoprionodon terraenovae
1696-D,Rhizoprionodon terraenovae
1701-B,Lutjanus campechanus
1707-F,Lutjanus campechanus
1707-N,Lutjanus campechanus
1774-G,Thunnus atlanticus
1683-H,Rhizoprionodon terraenovae
1774-P,Thunnus atlanticus
1774-X,Thunnus atlanticus
1774-FF,Thunnus atlanticus
1683-P,Rhizoprionodon terraenovae
1685-G,Rhizoprionodon terraenovae
1694-B,Rhizoprionodon terraenovae
1696-E,Rhizoprionodon terraenovae
1701-C,Lutjanus campechanus
1707-G,Lutjanus campechanus
1707-O,Lutjanus campechanus
1774-H,Thunnus atlanticus
1683-I,Rhizoprionodon terraenovae
1774-Q,Thunnus atlanticus
1774-Y,Thunnus atlanticus
1774-GG1,Thunnus atlanticus
1684-A,Rhizoprionodon terraenovae
1685-H,Rhizoprionodon terraenovae
1694-C,Rhizoprionodon terraenovae
1696-F,Rhizoprionodon terraenovae
1706-A,Lutjanus campechanus
1707-H,Lutjanus campechanus
1774-A,Thunnus atlanticus
1774-I,Thunnus atlanticus
1683-J,Rhizoprionodon terraenovae
1774-R,Thunnus atlanticus
1774-Z,Thunnus atlanticus
1774-GG2,Thunnus atlanticus
1685-A,Rhizoprionodon terraenovae
1685-I,Rhizoprionodon terraenovae
1694-D,Rhizoprionodon terraenovae
1696-G,Rhizoprionodon terraenovae
1707-A,Lutjanus campechanus
1707-I,Lutjanus campechanus
1774-B,Thunnus atlanticus
1774-J,Thunnus atlanticus
1683-K,Rhizoprionodon terraenovae
1774-S,Thunnus atlanticus
1774-AA,Thunnus atlanticus
1774-GG3,Thunnus atlanticus
1685-B,Rhizoprionodon terraenovae
1685-J,Rhizoprionodon terraenovae
1694-E,Rhizoprionodon terraenovae
1696-H,Rhizoprionodon terraenovae
1707-B,Lutjanus campechanus
1707-J,Lutjanus campechanus
1774-C,Thunnus atlanticus
1774-K,Thunnus atlanticus
1659-A,Scomberomorus cavalla
1708-B,Lutjanus campechanus
1772-H,Thunnus atlanticus
1773-G,Thunnus atlanticus
1659-I,Scomberomorus cavalla
1660-A,Lutjanus campechanus
1660-I,Lutjanus campechanus
1660-Q,Lutjanus campechanus
1691-D,Rachycentron canadum
1693-F,Rhizoprionodon terraenovae
1695-H,Rhizoprionodon terraenovae
1695-P,Rhizoprionodon terraenovae
1659-B,Scomberomorus cavalla
1772-A,Thunnus atlanticus
1772-I,Thunnus atlanticus
1773-H,Thunnus atlanticus
1659-J,Scomberomorus cavalla
1660-B,Lutjanus campechanus
1660-J,Lutjanus campechanus
1660-R,Lutjanus campechanus
1691-E,Rachycentron canadum
1695-A,Rhizoprionodon terraenovae
1695-I,Rhizoprionodon terraenovae
1695-Q,Rhizoprionodon terraenovae
1659-C,Scomberomorus cavalla
1772-B,Thunnus atlanticus
1773-A,Thunnus atlanticus
1775-A,Thunnus atlanticus
1659-K,Scomberomorus cavalla
1660-C,Lutjanus campechanus
1660-K,Lutjanus campechanus
1660-S,Lutjanus campechanus
1692-A,Rhizoprionodon terraenovae
1695-B,Rhizoprionodon terraenovae
1695-J,Rhizoprionodon terraenovae
1695-R,Rhizoprionodon terraenovae
1659-D,Scomberomorus cavalla
1772-C,Thunnus atlanticus
1773-B,Thunnus atlanticus
1775-B,Thunnus atlanticus
1659-L,Scomberomorus cavalla
1660-D,Lutjanus campechanus
1660-L,Lutjanus campechanus
1660-T,Lutjanus campechanus
1693-A,Rhizoprionodon terraenovae
1695-C,Rhizoprionodon terraenovae
1695-K,Rhizoprionodon terraenovae
1698-A,Lutjanus campechanus
1659-E,Scomberomorus cavalla
1772-D,Thunnus atlanticus
1773-C,Thunnus atlanticus
1775-C,Thunnus atlanticus
1659-M,Scomberomorus cavalla
1660-E,Lutjanus campechanus
1660-M,Lutjanus campechanus
1660-U,Lutjanus campechanus
1693-B,Rhizoprionodon terraenovae
1695-D,Rhizoprionodon terraenovae
1695-L,Rhizoprionodon terraenovae
1704-A,Lutjanus campechanus
1659-F,Scomberomorus cavalla
1772-E,Thunnus atlanticus
1773-D,Thunnus atlanticus
1775-D,Thunnus atlanticus
1659-N,Scomberomorus cavalla
1660-F,Lutjanus campechanus
1660-N,Lutjanus campechanus
1691-A,Rachycentron canadum
1693-C,Rhizoprionodon terraenovae
1695-E,Rhizoprionodon terraenovae
1695-M,Rhizoprionodon terraenovae
1704-B,Lutjanus campechanus
1659-G,Scomberomorus cavalla
1772-F,Thunnus atlanticus
1773-E,Thunnus atlanticus
1775-E,Thunnus atlanticus
1659-O,Scomberomorus cavalla
1660-G,Lutjanus campechanus
1660-O,Lutjanus campechanus
1691-B,Rachycentron canadum
1693-D,Rhizoprionodon terraenovae
1695-F,Rhizoprionodon terraenovae
1695-N,Rhizoprionodon terraenovae
1704-C,Lutjanus campechanus
1659-H,Scomberomorus cavalla
1772-G,Thunnus atlanticus
1773-F,Thunnus atlanticus
1775-F,Thunnus atlanticus
1659-P,Scomberomorus cavalla
1660-H,Lutjanus campechanus
1660-P,Lutjanus campechanus
1691-C,Rachycentron canadum
1693-E,Rhizoprionodon terraenovae
1695-G,Rhizoprionodon terraenovae
1695-O,Rhizoprionodon terraenovae
1708-A,Lutjanus campechanus
1775-G,Thunnus atlanticus
1783-B,Scomberomorus cavalla
1784-C,Rhizoprionodon terraenovae
1785-D,Rhizoprionodon terraenovae
1775-O,Thunnus atlanticus
1775-W,Thunnus atlanticus
1775-FF,Thunnus atlanticus
1777-B,Thunnus atlanticus
1777-K,Thunnus atlanticus
1777-S,Thunnus atlanticus
1777-AA,Thunnus atlanticus
1779-F,Thunnus atlanticus
1775-H,Thunnus atlanticus
1783-C,Scomberomorus cavalla
1784-D,Rhizoprionodon terraenovae
1785-E,Rhizoprionodon terraenovae
1775-P,Thunnus atlanticus
1775-X,Thunnus atlanticus
1775-GG,Thunnus atlanticus
1777-C,Thunnus atlanticus
1777-L,Thunnus atlanticus
1777-T,Thunnus atlanticus
1777-BB,Thunnus atlanticus
1779-G,Thunnus atlanticus
1775-I,Thunnus atlanticus
1783-D,Scomberomorus cavalla
1784-E,Rhizoprionodon terraenovae
1785-F,Rhizoprionodon terraenovae
1775-Q,Thunnus atlanticus
1775-Z,Thunnus atlanticus
1775-HH,Thunnus atlanticus
1777-E,Thunnus atlanticus
1777-M,Thunnus atlanticus
1777-U,Thunnus atlanticus
1778-A,Thunnus atlanticus
1779-H,Thunnus atlanticus
1775-J,Thunnus atlanticus
1783-E,Scomberomorus cavalla
1784-F,Rhizoprionodon terraenovae
1788-A,Seriola dumerili
1775-R,Thunnus atlanticus
1775-AA,Thunnus atlanticus
1775-II,Thunnus atlanticus
1777-F,Thunnus atlanticus
1777-N,Thunnus atlanticus
1777-V,Thunnus atlanticus
1779-A,Thunnus atlanticus
1781-A,Scomberomorus cavalla
1775-K,Thunnus atlanticus
1783-F,Scomberomorus cavalla
1784-G,Rhizoprionodon terraenovae
1900-A,Thunnus albacares
1775-S,Thunnus atlanticus
1775-BB,Thunnus atlanticus
1775-JJ,Thunnus atlanticus
1777-G,Thunnus atlanticus
1777-O,Thunnus atlanticus
1777-W,Thunnus atlanticus
1779-B,Thunnus atlanticus
1782-A,Scomberomorus cavalla
1775-L,Thunnus atlanticus
1783-G,Scomberomorus cavalla
1785-A,Rhizoprionodon terraenovae
1900-B,Thunnus albacares
1775-T,Thunnus atlanticus
1775-CC,Thunnus atlanticus
1775-KK,Thunnus atlanticus
1777-H,Thunnus atlanticus
1777-P,Thunnus atlanticus
1777-X,Thunnus atlanticus
1779-C,Thunnus atlanticus
1782-B,Scomberomorus cavalla
1775-M,Thunnus atlanticus
1784-A,Rhizoprionodon terraenovae
1785-B,Rhizoprionodon terraenovae
1900-C,Thunnus albacares
1775-U,Thunnus atlanticus
1775-DD,Thunnus atlanticus
1775-LL,Thunnus atlanticus
1777-I,Thunnus atlanticus
1777-Q,Thunnus atlanticus
1777-Y,Thunnus atlanticus
1779-C1,Thunnus atlanticus
1782-C,Scomberomorus cavalla
1775-N,Thunnus atlanticus
1784-B,Rhizoprionodon terraenovae
1785-C,Rhizoprionodon terraenovae
1900-D,Thunnus albacares
1775-V,Thunnus atlanticus
1775-EE,Thunnus atlanticus
1777-A,Thunnus atlanticus
1777-J,Thunnus atlanticus
1777-R,Thunnus atlanticus
1777-Z,Thunnus atlanticus
1779-D,Thunnus atlanticus
1783-A,Scomberomorus cavalla
1900-E,Thunnus albacares
1939-A,Thunnus albacares
1941-B,Thunnus albacares
1943-A,Thunnus albacares
1900-M,Thunnus albacares
1903-C,Thunnus albacares
1903-J,Thunnus albacares
1904-B2,Thunnus albacares
1904-I,Thunnus albacares
1909-B,Thunnus albacares
1909-K,Thunnus albacares
1936-E,Thunnus albacares
1900-F,Thunnus albacares
1939-B,Thunnus albacares
1941-C,Thunnus albacares
1943-B,Thunnus albacares
1900-N,Thunnus albacares
1903-D,Thunnus albacares
1903-K,Thunnus albacares
1904-B3,Thunnus albacares
1904-J,Thunnus albacares
1909-C,Thunnus albacares
1909-L,Thunnus albacares
1936-F,Thunnus albacares
1900-G,Thunnus albacares
1939-C,Thunnus albacares
1941-D,Thunnus albacares
1943-C,Thunnus albacares
1900-O,Thunnus albacares
1903-D1,Thunnus albacares
1903-L,Thunnus albacares
1904-C,Thunnus albacares
1904-K,Thunnus albacares
1909-D,Thunnus albacares
1909-M,Thunnus albacares
1936-G,Thunnus albacares
1900-H,Thunnus albacares
1939-D,Thunnus albacares
1941-E,Thunnus albacares
1943-D1,Thunnus albacares
1900-P,Thunnus albacares
1903-E,Thunnus albacares
1903-M,Thunnus albacares
1904-D,Thunnus albacares
1904-L,Thunnus albacares
1909-E,Thunnus albacares
1909-N,Thunnus albacares
1936-H,Thunnus albacares
1900-I,Thunnus albacares
1939-E,Thunnus albacares
1941-F,Thunnus albacares
1943-D2,Thunnus albacares
1900-Q,Thunnus albacares
1903-F,Thunnus albacares
1903-O,Thunnus albacares
1904-E,Thunnus albacares
1904-M,Thunnus albacares
1909-F,Thunnus albacares
1909-O,Thunnus albacares
1937-A,Thunnus albacares
1900-J,Thunnus albacares
1940-A,Thunnus albacares
1942-A,Thunnus albacares
1943-D3,Thunnus albacares
1900-R,Thunnus albacares
1903-G,Thunnus albacares
1903-P,Thunnus albacares
1904-F,Thunnus albacares
1904-N,Thunnus albacares
1909-G,Thunnus albacares
1909-P,Thunnus albacares
1937-B,Thunnus albacares
1900-K,Thunnus albacares
1940-B,Thunnus albacares
1942-B,Thunnus albacares
1943-E,Thunnus albacares
1903-A,Thunnus albacares
1903-H,Thunnus albacares
1904-A,Thunnus albacares
1904-G,Thunnus albacares
1908-A,Thunnus albacares
1909-I,Thunnus albacares
1909-Q,Thunnus albacares
1938-A,Thunnus albacares
1900-L,Thunnus albacares
1941-A,Thunnus albacares
1942-C,Thunnus albacares
1943-F,Thunnus albacares
1903-B,Thunnus albacares
1903-I,Thunnus albacares
1904-B,Thunnus albacares
1904-H,Thunnus albacares
1909-A,Thunnus albacares
1909-J,Thunnus albacares
1936-D,Thunnus albacares
1938-B,Thunnus albacares
1250-A,Rachycentron canadum
1286-A,Scomberomorus cavalla
1286-I,Scomberomorus cavalla
1324-C,Scomberomorus cavalla
1258-D,Rachycentron canadum
1258-L,Rachycentron canadum
1258-T1,Rachycentron canadum
1269-B,Scomberomorus cavalla
1270-E,Scomberomorus cavalla
1281-E,Scomberomorus cavalla
1282-E,Scomberomorus cavalla
1284-A,Scomberomorus cavalla
1250-B,Rachycentron canadum
1286-B,Scomberomorus cavalla
1286-J,Scomberomorus cavalla
1325-A,Scomberomorus cavalla
1258-E,Rachycentron canadum
1258-M,Rachycentron canadum
1258-T2,Rachycentron canadum
1269-C,Scomberomorus cavalla
1273-A,Scomberomorus cavalla
1281-F,Scomberomorus cavalla
1282-F,Scomberomorus cavalla
1284-B,Scomberomorus cavalla
1250-C,Rachycentron canadum
1286-C,Scomberomorus cavalla
1286-K,Scomberomorus cavalla
1326-A,Scomberomorus cavalla
1258-F,Rachycentron canadum
1258-N,Rachycentron canadum
1258-T3,Rachycentron canadum
1269-D,Scomberomorus cavalla
1273-B,Scomberomorus cavalla
1281-G,Scomberomorus cavalla
1283-A,Scomberomorus cavalla
1284-C,Scomberomorus cavalla
1250-D,Rachycentron canadum
1286-D,Scomberomorus cavalla
1286-L,Scomberomorus cavalla
1327-A,Scomberomorus cavalla
1258-G,Rachycentron canadum
1258-O,Rachycentron canadum
1258-U,Rachycentron canadum
1269-E,Scomberomorus cavalla
1273-C,Scomberomorus cavalla
1281-H,Scomberomorus cavalla
1283-B,Scomberomorus cavalla
1284-D,Scomberomorus cavalla
1250-E,Rachycentron canadum
1286-E,Scomberomorus cavalla
1286-N,Scomberomorus cavalla
1327-B,Scomberomorus cavalla
1258-H,Rachycentron canadum
1258-P,Rachycentron canadum
1225-V,Rachycentron canadum
1270-A,Scomberomorus cavalla
1281-A,Scomberomorus cavalla
1282-A,Scomberomorus cavalla
1283-C,Scomberomorus cavalla
1284-E,Scomberomorus cavalla
1258-A,Rachycentron canadum
1286-F,Scomberomorus cavalla
1323-A,Scomberomorus cavalla
1327-C,Scomberomorus cavalla
1258-I,Rachycentron canadum
1258-Q,Rachycentron canadum
1258-W,Rachycentron canadum
1270-B,Scomberomorus cavalla
1281-B,Scomberomorus cavalla
1282-B,Scomberomorus cavalla
1283-D,Scomberomorus cavalla
1284-F,Scomberomorus cavalla
1258-B,Rachycentron canadum
1286-G,Scomberomorus cavalla
1324-A,Scomberomorus cavalla
1258-J,Rachycentron canadum
1258-R,Rachycentron canadum
1258-X,Rachycentron canadum
1270-C,Scomberomorus cavalla
1281-C,Scomberomorus cavalla
1282-C,Scomberomorus cavalla
1283-E,Scomberomorus cavalla
1284-G,Scomberomorus cavalla
1258-C,Rachycentron canadum
1286-H,Scomberomorus cavalla
1324-B,Scomberomorus cavalla
1258-K,Rachycentron canadum
1258-S,Rachycentron canadum
1269-A,Scomberomorus cavalla
1270-D,Scomberomorus cavalla
1281-D,Scomberomorus cavalla
1282-D,Scomberomorus cavalla
1283-F,Scomberomorus cavalla
1285-A,Scomberomorus cavalla
1250-F,Rachycentron canadum
1273-D,Scomberomorus cavalla
1327-D,Scomberomorus cavalla
1549-A,Thunnus albacares
1554-G,Rachycentron canadum
1554-O,Rachycentron canadum
1518-B,Thunnus atlanticus
1518-I2,Thunnus atlanticus
1519-D,Coryphaena hippurus
1519-J3,Coryphaena hippurus
1546-G,Coryphaena hippurus
1546-O,Coryphaena hippurus
1546-W,Coryphaena hippurus
1547-A,Thunnus atlanticus
1327-E,Scomberomorus cavalla
1549-B,Thunnus albacares
1554-H,Rachycentron canadum
1554-P,Rachycentron canadum
1518-C,Thunnus atlanticus
1518-I3,Thunnus atlanticus
1519-E,Coryphaena hippurus
1519-K,Coryphaena hippurus
1546-H,Coryphaena hippurus
1546-P,Coryphaena hippurus
1546-X1,Coryphaena hippurus
1547-B,Thunnus atlanticus
1327-F,Scomberomorus cavalla
1554-A,Rachycentron canadum
1554-I,Rachycentron canadum
1554-Q,Rachycentron canadum
1518-D,Thunnus atlanticus
1518-J,Thunnus atlanticus
1519-F,Coryphaena hippurus
1519-L,Coryphaena hippurus
1546-I,Coryphaena hippurus
1546-Q,Coryphaena hippurus
1546-X2,Coryphaena hippurus
1547-C,Thunnus atlanticus
1327-G,Scomberomorus cavalla
1554-B,Rachycentron canadum
1554-J,Rachycentron canadum
1555-A,Rachycentron canadum
1518-E,Thunnus atlanticus
1518-K,Thunnus atlanticus
1519-G,Coryphaena hippurus
1519-M,Coryphaena hippurus
1546-J,Coryphaena hippurus
1546-R,Coryphaena hippurus
1546-X3,Coryphaena hippurus
1547-D,Thunnus atlanticus
1327-H,Scomberomorus cavalla
1554-C,Rachycentron canadum
1554-K,Rachycentron canadum
1555-B,Rachycentron canadum
1518-F,Thunnus atlanticus
1518-L,Thunnus atlanticus
1519-H,Coryphaena hippurus
1546-A,Coryphaena hippurus
1546-K,Coryphaena hippurus
1546-S,Coryphaena hippurus
1546-Y,Coryphaena hippurus
1547-E,Thunnus atlanticus
1327-I,Scomberomorus cavalla
1554-D,Rachycentron canadum
1554-L,Rachycentron canadum
1555-C,Rachycentron canadum
1518-G,Thunnus atlanticus
1519-A,Coryphaena hippurus
1519-I,Coryphaena hippurus
1546-B,Coryphaena hippurus
1546-L,Coryphaena hippurus
1546-T,Coryphaena hippurus
1546-Z,Coryphaena hippurus
1547-F,Thunnus atlanticus
1331-A,Scomberomorus cavalla
1554-E,Rachycentron canadum
1554-M,Rachycentron canadum
1555-E,Rachycentron canadum
1518-H,Thunnus atlanticus
1519-B,Coryphaena hippurus
1519-J1,Coryphaena hippurus
1546-C,Coryphaena hippurus
1546-M,Coryphaena hippurus
1546-U,Coryphaena hippurus
1546-AA,Coryphaena hippurus
1547-G,Thunnus atlanticus
1518-A,Thunnus atlanticus
1554-F,Rachycentron canadum
1554-N,Rachycentron canadum
1555-F,Rachycentron canadum
1518-I1,Thunnus atlanticus
1519-C,Coryphaena hippurus
1519-J2,Coryphaena hippurus
1546-F,Coryphaena hippurus
1546-N,Coryphaena hippurus
1546-V,Coryphaena hippurus
1546-BB,Coryphaena hippurus
1547-H,Thunnus atlanticus
1555-G,Rachycentron canadum
1836-K,Thunnus atlanticus
1836-S,Thunnus atlanticus
1836-AA,Thunnus atlanticus
1774-HH2,Thunnus atlanticus
1774-PP,Thunnus atlanticus
1822-A,Rhomboplites aurorubens
1832-A,Scomberomorus cavalla
1834-G,Seriola dumerili
1835-H,Seriola dumerili
1835-N1,Seriola dumerili
1835-R,Seriola dumerili
1556-A,Rachycentron canadum
1836-L,Thunnus atlanticus
1836-T,Thunnus atlanticus
1836-BB,Thunnus atlanticus
1774-HH3,Thunnus atlanticus
1774-QQ,Thunnus atlanticus
1824-A,Rhomboplites aurorubens
1833-F,Rachycentron canadum
1835-A,Seriola dumerili
1835-I,Seriola dumerili
1835-N2,Seriola dumerili
1836-B,Thunnus atlanticus
1561-A,Rachycentron canadum
1836-M,Thunnus atlanticus
1836-U,Thunnus atlanticus
1836-CC,Thunnus atlanticus
1774-JJ,Thunnus atlanticus
1776-A,Thunnus atlanticus
1824-B,Rhomboplites aurorubens
1834-A,Seriola dumerili
1835-B,Seriola dumerili
1835-J,Seriola dumerili
1835-N3,Seriola dumerili
1836-E,Thunnus atlanticus
1563-A,Rachycentron canadum
1836-N,Thunnus atlanticus
1836-V,Thunnus atlanticus
1837-A,Thunnus atlanticus
1774-KK,Thunnus atlanticus
1776-B,Thunnus atlanticus
1824-C,Rhomboplites aurorubens
1834-B,Seriola dumerili
1835-C,Seriola dumerili
1835-K,Seriola dumerili
1835-O1,Seriola dumerili
1836-F,Thunnus atlanticus
1564-A,Rachycentron canadum
1836-O,Thunnus atlanticus
1836-W,Thunnus atlanticus
1837-B,Thunnus atlanticus
1774-LL,Thunnus atlanticus
1776-C,Thunnus atlanticus
1825-A,Rhomboplites aurorubens
1834-C,Seriola dumerili
1835-D,Seriola dumerili
1835-L,Seriola dumerili
1835-O2,Seriola dumerili
1836-G,Thunnus atlanticus
1570-A,Rachycentron canadum
1836-P,Thunnus atlanticus
1836-X,Thunnus atlanticus
1837-C,Thunnus atlanticus
1774-MM,Thunnus atlanticus
1780-A,Elagatis bipinnulata
1829-A,Seriola dumerili
1834-D,Seriola dumerili
1835-E,Seriola dumerili
1835-M1,Seriola dumerili
1835-O3,Seriola dumerili
1836-H,Thunnus atlanticus
1588-A,Scomberomorus cavalla
1836-Q,Thunnus atlanticus
1836-Y,Thunnus atlanticus
1837-D,Thunnus atlanticus
1774-NN,Thunnus atlanticus
1817-A,Rhomboplites aurorubens
1831-A,Scomberomorus cavalla
1834-E,Seriola dumerili
1835-F,Seriola dumerili
1835-M2,Seriola dumerili
1835-P,Seriola dumerili
1836-I,Thunnus atlanticus
1774-HH1,Thunnus atlanticus
1836-R,Thunnus atlanticus
1836-Z,Thunnus atlanticus
1837-E,Thunnus atlanticus
1774-OO,Thunnus atlanticus
1820-A,Rhomboplites aurorubens
1831-B,Scomberomorus cavalla
1834-F,Seriola dumerili
1835-G,Seriola dumerili
1835-M3,Seriola dumerili
1835-Q,Seriola dumerili
1836-J,Thunnus atlanticus
1395-A,Scomberomorus cavalla
1395-B,Scomberomorus cavalla
1395-C,Scomberomorus cavalla
1395-D,Scomberomorus cavalla
1395-E,Scomberomorus cavalla
1395-F,Scomberomorus cavalla
1395-G,Scomberomorus cavalla
1395-H,Scomberomorus cavalla
1395-I,Scomberomorus cavalla
1395-J,Scomberomorus cavalla
1395-K,Scomberomorus cavalla
1395-L,Scomberomorus cavalla
1395-M,Scomberomorus cavalla
1395-N,Scomberomorus cavalla
1395-O,Scomberomorus cavalla
1395-P,Scomberomorus cavalla
1395-Q,Scomberomorus cavalla
1395-R,Scomberomorus cavalla
1395-S,Scomberomorus cavalla
1395-T,Scomberomorus cavalla
1395-U,Scomberomorus cavalla
1395-V,Scomberomorus cavalla
1395-W,Scomberomorus cavalla
1396-A,Scomberomorus cavalla
1396-B,Scomberomorus cavalla
1397-A,Scomberomorus cavalla
1397-B,Scomberomorus cavalla
1397-C,Scomberomorus cavalla
1397-D,Scomberomorus cavalla
1397-E1,Scomberomorus cavalla
1397-E2,Scomberomorus cavalla
1397-E3,Scomberomorus cavalla
1397-F,Scomberomorus cavalla
1397-G,Scomberomorus cavalla
1397-H,Scomberomorus cavalla
1397-I,Scomberomorus cavalla
1397-J,Scomberomorus cavalla
1397-K,Scomberomorus cavalla
1397-L,Scomberomorus cavalla
1397-M,Scomberomorus cavalla
1397-N,Scomberomorus cavalla
1397-O,Scomberomorus cavalla
1397-P,Scomberomorus cavalla
1397-Q,Scomberomorus cavalla
1397-R,Scomberomorus cavalla
1397-S,Scomberomorus cavalla
1397-T,Scomberomorus cavalla
1398-A,Scomberomorus cavalla
1398-AA,Scomberomorus cavalla
1398-B,Scomberomorus cavalla
1398-BB,Scomberomorus cavalla
1398-C,Scomberomorus cavalla
1398-CC,Scomberomorus cavalla
1398-D,Scomberomorus cavalla
1398-DD,Scomberomorus cavalla
1398-E,Scomberomorus cavalla
1398-EE,Scomberomorus cavalla
1398-F,Scomberomorus cavalla
1398-FF1,Scomberomorus cavalla
1398-FF2,Scomberomorus cavalla
1398-FF3,Scomberomorus cavalla
1398-G,Scomberomorus cavalla
1398-H,Scomberomorus cavalla
1398-I,Scomberomorus cavalla
1398-J,Scomberomorus cavalla
1398-K,Scomberomorus cavalla
1398-L,Scomberomorus cavalla
1398-M,Scomberomorus cavalla
1398-N,Scomberomorus cavalla
1398-O,Scomberomorus cavalla
1398-P,Scomberomorus cavalla
1398-Q,Scomberomorus cavalla
1398-R,Scomberomorus cavalla
1398-S,Scomberomorus cavalla
1398-T,Scomberomorus cavalla
1398-U,Scomberomorus cavalla
1398-V,Scomberomorus cavalla
1398-W,Scomberomorus cavalla
1398-X,Scomberomorus cavalla
1398-Y,Scomberomorus cavalla
1398-Z,Scomberomorus cavalla
1399-A,Scomberomorus cavalla
1399-B,Scomberomorus cavalla
1399-C,Scomberomorus cavalla
1399-D,Scomberomorus cavalla
1399-E,Scomberomorus cavalla
1399-F,Scomberomorus cavalla
1399-G,Scomberomorus cavalla
1399-H,Scomberomorus cavalla
1399-I,Scomberomorus cavalla
1399-J,Scomberomorus cavalla
1399-K,Scomberomorus cavalla
1399-L,Scomberomorus cavalla
1399-M,Scomberomorus cavalla
1399-N,Scomberomorus cavalla
1399-O,Scomberomorus cavalla
1399-AA,Scomberomorus cavalla
1399-BB,Scomberomorus cavalla
1399-CC,Scomberomorus cavalla
1399-DD,Scomberomorus cavalla
1399-EE,Scomberomorus cavalla
1399-P,Scomberomorus cavalla
1399-Q,Scomberomorus cavalla
1399-R,Scomberomorus cavalla
1399-S,Scomberomorus cavalla
1399-T,Scomberomorus cavalla
1399-U,Scomberomorus cavalla
1399-V,Scomberomorus cavalla
1399-W,Scomberomorus cavalla
1399-X,Scomberomorus cavalla
1399-Y,Scomberomorus cavalla
1399-Z,Scomberomorus cavalla
1401-A,Scomberomorus cavalla
1401-B,Scomberomorus cavalla
1401-C,Scomberomorus cavalla
1401-D,Scomberomorus cavalla
1401-E,Scomberomorus cavalla
1401-F,Scomberomorus cavalla
1401-G,Scomberomorus cavalla
1401-H,Scomberomorus cavalla
1401-I,Scomberomorus cavalla
1401-J,Scomberomorus cavalla
1401-K,Scomberomorus cavalla
1401-L,Scomberomorus cavalla
1401-M,Scomberomorus cavalla
1401-N,Scomberomorus cavalla
1401-O,Scomberomorus cavalla
1401-P,Scomberomorus cavalla
1401-Q,Scomberomorus cavalla
1401-R,Scomberomorus cavalla
1403-A,Scomberomorus cavalla
1403-B,Scomberomorus cavalla
1403-C,Scomberomorus cavalla
1403-D,Scomberomorus cavalla
1403-E,Scomberomorus cavalla
1403-F,Scomberomorus cavalla
1403-G,Scomberomorus cavalla
1403-H,Scomberomorus cavalla
1403-I,Scomberomorus cavalla
1404-A,Scomberomorus cavalla
1404-B,Scomberomorus cavalla
1404-C,Scomberomorus cavalla
1404-D,Scomberomorus cavalla
1404-E,Scomberomorus cavalla
1404-F,Scomberomorus cavalla
1404-G,Scomberomorus cavalla
1404-H,Scomberomorus cavalla
1404-I,Scomberomorus cavalla
1404-J,Scomberomorus cavalla
1404-K,Scomberomorus cavalla
1404-L,Scomberomorus cavalla
1404-M,Scomberomorus cavalla
1404-N,Scomberomorus cavalla
1404-O,Scomberomorus cavalla
1404-P,Scomberomorus cavalla
1404-Q,Scomberomorus cavalla
1404-R,Scomberomorus cavalla
1404-S,Scomberomorus cavalla
1404-T,Scomberomorus cavalla
1404-U,Scomberomorus cavalla
1404-V,Scomberomorus cavalla
1404-W,Scomberomorus cavalla
1405-A,Scomberomorus cavalla
1405-B,Scomberomorus cavalla
1405-C,Scomberomorus cavalla
1405-D,Scomberomorus cavalla
1405-E,Scomberomorus cavalla
1405-F,Scomberomorus cavalla
1405-G,Scomberomorus cavalla
1405-H,Scomberomorus cavalla
1405-I,Scomberomorus cavalla
1405-J,Scomberomorus cavalla
1407-A,Rachycentron canadum
1407-B,Rachycentron canadum
1407-C,Rachycentron canadum
1407-D,Rachycentron canadum
1407-E,Rachycentron canadum
1407-F,Rachycentron canadum
1407-G,Rachycentron canadum
1407-H,Rachycentron canadum
1407-I,Rachycentron canadum
1407-J,Rachycentron canadum
1407-K,Rachycentron canadum
1407-L,Rachycentron canadum
1407-M1,Rachycentron canadum
1407-M2,Rachycentron canadum
1407-M3,Rachycentron canadum
1407-N,Rachycentron canadum
1407-O,Rachycentron canadum
1407-P,Rachycentron canadum
1407-Q,Rachycentron canadum
1407-R,Rachycentron canadum
1407-AA,Rachycentron canadum
1407-BB,Rachycentron canadum
1407-CC,Rachycentron canadum
1407-DD,Rachycentron canadum
1407-EE,Rachycentron canadum
1407-FF,Rachycentron canadum
1407-GG,Rachycentron canadum
1407-HH,Rachycentron canadum
1407-II,Rachycentron canadum
1407-JJ,Rachycentron canadum
1407-KK,Rachycentron canadum
1407-S,Rachycentron canadum
1407-T,Rachycentron canadum
1407-U,Rachycentron canadum
1407-V,Rachycentron canadum
1407-W,Rachycentron canadum
1407-X,Rachycentron canadum
1407-Y,Rachycentron canadum
1407-Z,Rachycentron canadum
1409-A,Rachycentron canadum
1409-B,Rachycentron canadum
1409-C,Rachycentron canadum
1409-D,Rachycentron canadum
1409-E,Rachycentron canadum
1409-F,Rachycentron canadum
1409-G,Rachycentron canadum
1409-H,Rachycentron canadum
1409-I,Rachycentron canadum
1409-J,Rachycentron canadum
1409-K,Rachycentron canadum
1409-L,Rachycentron canadum
1417-A,Rachycentron canadum
1417-B,Rachycentron canadum
1417-C,Rachycentron canadum
1417-D,Rachycentron canadum
1417-E,Rachycentron canadum
1417-F,Rachycentron canadum
1417-G,Rachycentron canadum
1420-A,Scomberomorus cavalla
1420-B,Scomberomorus cavalla
1420-C,Scomberomorus cavalla
1421-A,Scomberomorus cavalla
1421-B,Scomberomorus cavalla
1421-C,Scomberomorus cavalla
1421-D,Scomberomorus cavalla
1421-E,Scomberomorus cavalla
1421-F,Scomberomorus cavalla
1421-G,Scomberomorus cavalla
1421-H,Scomberomorus cavalla
1421-I,Scomberomorus cavalla
1423-A,Scomberomorus cavalla
1423-B,Scomberomorus cavalla
1423-C,Scomberomorus cavalla
1423-D,Scomberomorus cavalla
1423-E,Scomberomorus cavalla
1423-F,Scomberomorus cavalla
1423-G,Scomberomorus cavalla
1423-H,Scomberomorus cavalla
1423-I,Scomberomorus cavalla
1423-J,Scomberomorus cavalla
1423-K,Scomberomorus cavalla
1423-L,Scomberomorus cavalla
1423-M,Scomberomorus cavalla
1423-N,Scomberomorus cavalla
1423-O,Scomberomorus cavalla
1423-P,Scomberomorus cavalla
1548-A,Thunnus atlanticus
1548-B,Thunnus atlanticus
1548-C,Thunnus atlanticus
1548-D,Thunnus atlanticus
1548-E,Thunnus atlanticus
1548-F,Thunnus atlanticus
1548-G,Thunnus atlanticus
1548-H,Thunnus atlanticus
1548-I,Thunnus atlanticus
1548-J,Thunnus atlanticus
1548-K,Thunnus atlanticus
1548-L,Thunnus atlanticus
1548-M,Thunnus atlanticus
1557-A,Rachycentron canadum
1557-B,Rachycentron canadum
1557-C,Rachycentron canadum
1558-A,Thunnus atlanticus
1558-C,Thunnus atlanticus
1558-D,Thunnus atlanticus
1558-E,Thunnus atlanticus
1558-F,Thunnus atlanticus
1558-G,Thunnus atlanticus
1558-H,Thunnus atlanticus
1558-I,Thunnus atlanticus
1558-J,Thunnus atlanticus
1558-K,Thunnus atlanticus
1558-L,Thunnus atlanticus
1558-M,Thunnus atlanticus
1558-N,Thunnus atlanticus
1558-O,Thunnus atlanticus
1558-P,Thunnus atlanticus
1558-Q,Thunnus atlanticus
1558-R,Thunnus atlanticus
1558-S,Thunnus atlanticus
1558-T,Thunnus atlanticus
1558-U,Thunnus atlanticus
1559-A,Rachycentron canadum
1559-B,Rachycentron canadum
1559-C,Rachycentron canadum
1559-D,Rachycentron canadum
1559-E,Rachycentron canadum
1559-F,Rachycentron canadum
1559-G,Rachycentron canadum
1559-H,Rachycentron canadum
1559-I,Rachycentron canadum
1559-K,Rachycentron canadum
1560-A,Rachycentron canadum
1562-A,Rachycentron canadum
1562-AA,Rachycentron canadum
1562-B,Rachycentron canadum
1562-BB,Rachycentron canadum
1562-C,Rachycentron canadum
1562-CC,Rachycentron canadum
1562-D,Rachycentron canadum
1562-DD,Rachycentron canadum
1562-EE,Rachycentron canadum
1562-F,Rachycentron canadum
1562-FF,Rachycentron canadum
1562-G,Rachycentron canadum
1562-GG,Rachycentron canadum
1562-H,Rachycentron canadum
1562-HH,Rachycentron canadum
1562-I,Rachycentron canadum
1562-II,Rachycentron canadum
1562-J,Rachycentron canadum
1562-K,Rachycentron canadum
1562-L,Rachycentron canadum
1562-M,Rachycentron canadum
1562-N,Rachycentron canadum
1562-O,Rachycentron canadum
1562-P,Rachycentron canadum
1562-Q,Rachycentron canadum
1562-R,Rachycentron canadum
1562-S,Rachycentron canadum
1562-T,Rachycentron canadum
1562-U,Rachycentron canadum
1562-V,Rachycentron canadum
1562-W,Rachycentron canadum
1562-X1,Rachycentron canadum
1562-X2,Rachycentron canadum
1562-X3,Rachycentron canadum
1562-Y1,Rachycentron canadum
1562-Y2,Rachycentron canadum
1562-Y3,Rachycentron canadum
1562-Z,Rachycentron canadum
1565-A,Rachycentron canadum
1566-A,Rachycentron canadum
1566-B,Rachycentron canadum
1566-C,Rachycentron canadum
1566-D,Rachycentron canadum
1566-E,Rachycentron canadum
1566-F,Rachycentron canadum
1566-G,Rachycentron canadum
1566-H,Rachycentron canadum
1566-I,Rachycentron canadum
1566-R,Rachycentron canadum
1566-S,Rachycentron canadum
1566-T,Rachycentron canadum
1567-A,Rachycentron canadum
1567-B,Rachycentron canadum
1567-C,Rachycentron canadum
1567-D,Rachycentron canadum
1567-E,Rachycentron canadum
1567-F,Rachycentron canadum
1567-G,Rachycentron canadum
1567-H,Rachycentron canadum
1567-I1,Rachycentron canadum
1567-I2,Rachycentron canadum
1567-I3,Rachycentron canadum
1568-A,Rachycentron canadum
1568-U,Rachycentron canadum
1569-A,Rachycentron canadum
1569-B,Rachycentron canadum
1626-A,Scomberomorus cavalla
1626-B,Scomberomorus cavalla
1626-C,Scomberomorus cavalla
1626-D,Scomberomorus cavalla
1626-E,Scomberomorus cavalla
1626-F,Scomberomorus cavalla
1626-G,Scomberomorus cavalla
1626-H,Scomberomorus cavalla
1626-I,Scomberomorus cavalla
1626-J,Scomberomorus cavalla
1626-K,Scomberomorus cavalla
1626-L,Scomberomorus cavalla
1626-M,Scomberomorus cavalla
18257-K,Seriola dumerili
1827-A,Seriola dumerili
1827-B,Seriola dumerili
1827-C,Seriola dumerili
1827-D,Seriola dumerili
1827-E1,Seriola dumerili
1827-E2,Seriola dumerili
1827-E3,Seriola dumerili
1827-F1,Seriola dumerili
1827-F2,Seriola dumerili
1827-F3,Seriola dumerili
1827-G1,Seriola dumerili
1827-G2,Seriola dumerili
1827-G3,Seriola dumerili
1827-G4,Seriola dumerili
1827-G5,Seriola dumerili
1827-G6,Seriola dumerili
1827-H1,Seriola dumerili
1827-H2,Seriola dumerili
1827-H3,Seriola dumerili
1827-I,Seriola dumerili
1827-J,Seriola dumerili
1827-L,Seriola dumerili
1827-M1,Seriola dumerili
1827-M2,Seriola dumerili
1827-M3,Seriola dumerili
1827-N1,Seriola dumerili
1827-N2,Seriola dumerili
1827-N3,Seriola dumerili
1827-O,Seriola dumerili
1827-P1,Seriola dumerili
1827-P2,Seriola dumerili
1827-P3,Seriola dumerili
1827-Q,Seriola dumerili
1827-R,Seriola dumerili
1827-S,Seriola dumerili
1827-T,Seriola dumerili
1827-U,Seriola dumerili
1828-A,Seriola dumerili
1828-B,Seriola dumerili
1828-C,Seriola dumerili
1828-D,Seriola dumerili
1828-E,Seriola dumerili
1828-F,Seriola dumerili
1830-A,Seriola dumerili
1830-B,Seriola dumerili
1830-C,Seriola dumerili
1830-D,Seriola dumerili
1830-E,Seriola dumerili
1830-F,Seriola dumerili
1830-G,Seriola dumerili
1830-H,Seriola dumerili
1830-I,Seriola dumerili
1830-J,Seriola dumerili
1830-K,Seriola dumerili
1830-L,Seriola dumerili
1830-M,Seriola dumerili
1830-N,Seriola dumerili
1830-O,Seriola dumerili
1837-F,Thunnus atlanticus
1837-G,Thunnus atlanticus
1837-H,Thunnus atlanticus
1837-I,Thunnus atlanticus
1837-J,Thunnus atlanticus
1837-M,Thunnus atlanticus
1838-A,Thunnus atlanticus
1838-B,Thunnus atlanticus
1838-C,Thunnus atlanticus
1838-D,Thunnus atlanticus
1838-E,Thunnus atlanticus
1838-F,Thunnus atlanticus
1838-G,Thunnus atlanticus
1839-A,Thunnus atlanticus
1839-D,Thunnus atlanticus
1839-E,Thunnus atlanticus
1839-F,Thunnus atlanticus
1839-G,Thunnus atlanticus
1839-H,Thunnus atlanticus
1839-I,Thunnus atlanticus
1840-A,Thunnus atlanticus
1840-B,Thunnus atlanticus
1840-C,Thunnus atlanticus
1840-D,Thunnus atlanticus
1840-E,Thunnus atlanticus
1840-F,Thunnus atlanticus
1840-G,Thunnus atlanticus
1840-H,Thunnus atlanticus
1840-I,Thunnus atlanticus
1840-J,Thunnus atlanticus
1840-K,Thunnus atlanticus
1840-L,Thunnus atlanticus
1840-M,Thunnus atlanticus
1840-N,Thunnus atlanticus
1840-O,Thunnus atlanticus
1840-P,Thunnus atlanticus
1840-Q,Thunnus atlanticus
1840-R,Thunnus atlanticus
1840-S,Thunnus atlanticus
1840-T,Thunnus atlanticus
1840-U,Thunnus atlanticus
1840-V,Thunnus atlanticus
1840-W,Thunnus atlanticus
1840-X1,Thunnus atlanticus
1840-X2,Thunnus atlanticus
1840-X3,Thunnus atlanticus
1840-X4,Thunnus atlanticus
1840-X5,Thunnus atlanticus
1840-X6,Thunnus atlanticus
1840-Y,Thunnus atlanticus
1841-A,Mycteroperca phenax
1842-A,Mycteroperca phenax
1842-B,Mycteroperca phenax
1842-C,Mycteroperca phenax
1844-A,Rachycentron canadum
1844-B,Rachycentron canadum
1844-C1,Rachycentron canadum
1844-C2,Rachycentron canadum
1844-C3,Rachycentron canadum
1844-D,Rachycentron canadum
1845-A,Scomberomorus cavalla
1845-B,Scomberomorus cavalla
1845-C,Scomberomorus cavalla
1845-D,Scomberomorus cavalla
1852-A,Seriola dumerili
1853-A,Seriola dumerili
1854-A,Seriola dumerili
1855-A,Seriola dumerili
1855-B,Seriola dumerili
1855-C,Seriola dumerili
1855-D,Seriola dumerili
1855-E,Seriola dumerili
1855-F,Seriola dumerili
1855-G,Seriola dumerili
1855-H,Seriola dumerili
1855-I,Seriola dumerili
1855-J,Seriola dumerili
1855-K1,Seriola dumerili
1855-K2,Seriola dumerili
1855-K3,Seriola dumerili
1855-K4,Seriola dumerili
1855-K5,Seriola dumerili
1855-K6,Seriola dumerili
1855-K7,Seriola dumerili
1855-K8,Seriola dumerili
1855-K9,Seriola dumerili
1855-L1,Seriola dumerili
1855-L2,Seriola dumerili
1855-L3,Seriola dumerili
1855-L4,Seriola dumerili
1855-L5,Seriola dumerili
1855-L6,Seriola dumerili
1855-L7,Seriola dumerili
1855-L8,Seriola dumerili
1855-L9,Seriola dumerili
1855-M1,Seriola dumerili
1855-M2,Seriola dumerili
1855-M3,Seriola dumerili
1855-M4,Seriola dumerili
1855-M5,Seriola dumerili
1855-M6,Seriola dumerili
1855-M7,Seriola dumerili
1855-M8,Seriola dumerili
1855-M9,Seriola dumerili
1855-N1,Seriola dumerili
1855-N2,Seriola dumerili
1855-N3,Seriola dumerili
1855-N4,Seriola dumerili
1855-N5,Seriola dumerili
1855-N6,Seriola dumerili
1855-N7,Seriola dumerili
1855-N8,Seriola dumerili
1855-N9,Seriola dumerili
1855-O1,Seriola dumerili
1855-O2,Seriola dumerili
1855-O3,Seriola dumerili
1855-O4,Seriola dumerili
1855-O5,Seriola dumerili
1855-O6,Seriola dumerili
1855-O7,Seriola dumerili
1855-O8,Seriola dumerili
1855-O9,Seriola dumerili
1855-P1,Seriola dumerili
1855-P2,Seriola dumerili
1855-P3,Seriola dumerili
1855-Q,Seriola dumerili
1855-R1,Seriola dumerili
1855-R2,Seriola dumerili
1855-R3,Seriola dumerili
1855-R4,Seriola dumerili
1855-R5,Seriola dumerili
1855-R6,Seriola dumerili
1855-S1,Seriola dumerili
1855-S2,Seriola dumerili
1855-S3,Seriola dumerili
1855-T,Seriola dumerili
1855-U,Seriola dumerili
1855-V,Seriola dumerili
1857-A,Rachycentron canadum
1857-K,Rachycentron canadum
1857-L,Rachycentron canadum
1857-M,Rachycentron canadum
1857-N,Rachycentron canadum
1857-O,Rachycentron canadum
1857-P,Rachycentron canadum
1857-Q,Rachycentron canadum
1857-R,Rachycentron canadum
1866-A,Coryphaena hippurus
1866-B,Coryphaena hippurus
1866-C,Coryphaena hippurus
1871-A,Thunnus atlanticus
1871-B,Thunnus atlanticus
1871-C,Thunnus atlanticus
1871-D,Thunnus atlanticus
1871-E,Thunnus atlanticus
1871-F,Thunnus atlanticus
1871-G,Thunnus atlanticus
1871-H,Thunnus atlanticus
1871-J,Thunnus atlanticus
1871-K,Thunnus atlanticus
1871-L,Thunnus atlanticus
1871-M,Thunnus atlanticus
1871-N,Thunnus atlanticus
1871-O,Thunnus atlanticus
1872-A,Thunnus atlanticus
1872-B,Thunnus atlanticus
1872-C,Thunnus atlanticus
1872-D,Thunnus atlanticus
1872-E,Thunnus atlanticus
1872-F,Thunnus atlanticus
1872-G,Thunnus atlanticus
1873-A,Thunnus atlanticus
1873-B,Thunnus atlanticus
1873-C,Thunnus atlanticus
1873-D,Thunnus atlanticus
1873-E,Thunnus atlanticus
1873-F,Thunnus atlanticus
1873-G,Thunnus atlanticus
1873-H,Thunnus atlanticus
1873-I,Thunnus atlanticus
1873-J,Thunnus atlanticus
1879-A,Acanthocybium solandri
1889-A,Rhomboplites aurorubens
1889-B,Rhomboplites aurorubens
1889-C,Rhomboplites aurorubens
1889-D,Rhomboplites aurorubens
1894-A,Seriola dumerili
1894-B,Seriola dumerili
1895-A,Seriola dumerili
1895-B,Seriola dumerili
1896-A,Seriola dumerili
1897-A,Seriola dumerili
1899-A,Seriola dumerili
1943-G,Thunnus albacares
1943-H,Thunnus albacares
1943-I,Thunnus albacares
1943-J,Thunnus albacares
1944-A,Thunnus albacares
1944-B,Thunnus albacares
1944-C,Thunnus albacares
1944-D,Thunnus albacares
1944-E,Thunnus albacares
1944-F,Thunnus albacares
1944-G,Thunnus albacares
1944-H,Thunnus albacares
1944-I,Thunnus albacares
1944-J,Thunnus albacares
1945-A,Thunnus albacares
1945-C,Thunnus albacares
1945-D,Thunnus albacares
1945-E,Thunnus albacares
1945-F,Thunnus albacares
1946-A,Thunnus albacares
1946-B1,Thunnus albacares
1946-B2,Thunnus albacares
1946-B3,Thunnus albacares
1946-D,Thunnus albacares
1946-E,Thunnus albacares
1946-F,Thunnus albacares
1947-A,Thunnus albacares
1947-B,Thunnus albacares
1947-C,Thunnus albacares
1947-E,Thunnus albacares
1947-F,Thunnus albacares
1947-G,Thunnus albacares
1947-H,Thunnus albacares
1947-I,Thunnus albacares
1947-J,Thunnus albacares
1947-K,Thunnus albacares
1287-A,Scomberomorus cavalla
1287-B,Scomberomorus cavalla
1287-C,Scomberomorus cavalla
1287-D,Scomberomorus cavalla
1345-A,Scomberomorus cavalla
1345-B,Scomberomorus cavalla
1345-C,Scomberomorus cavalla
1345-C3,Scomberomorus cavalla
1345-D,Scomberomorus cavalla
1345-E,Scomberomorus cavalla
1345-F,Scomberomorus cavalla
1345-F,Scomberomorus cavalla
1345-G,Scomberomorus cavalla
1345-G,Scomberomorus cavalla
1346-A,Scomberomorus cavalla
1346-B,Scomberomorus cavalla
1346-C1,Scomberomorus cavalla
1346-C2,Scomberomorus cavalla
1346-D,Scomberomorus cavalla
1346-E,Scomberomorus cavalla
1372-A,Scomberomorus cavalla
1372-B,Scomberomorus cavalla
1372-C,Scomberomorus cavalla
1372-D,Scomberomorus cavalla
1373-A,Thunnus atlanticus
1373-B,Thunnus atlanticus
1373-C,Thunnus atlanticus
1373-D,Thunnus atlanticus
1373-E,Thunnus atlanticus
1373-F,Thunnus atlanticus
1373-G,Thunnus atlanticus
1373-H,Thunnus atlanticus
1373-I,Thunnus atlanticus
1373-J,Thunnus atlanticus
1373-K,Thunnus atlanticus
1373-L,Thunnus atlanticus
1394-A,Scomberomorus cavalla
1394-B,Scomberomorus cavalla
1394-C,Scomberomorus cavalla
1394-D,Scomberomorus cavalla
1394-E,Scomberomorus cavalla
1394-F,Scomberomorus cavalla
1400-A,Scomberomorus cavalla
1400-B,Scomberomorus cavalla
1402-A,Scomberomorus cavalla
1402-B,Scomberomorus cavalla
1402-C,Scomberomorus cavalla
1402-D,Scomberomorus cavalla
1402-E,Scomberomorus cavalla
1402-F,Scomberomorus cavalla
1402-G,Scomberomorus cavalla
1402-H,Scomberomorus cavalla
1402-I,Scomberomorus cavalla
1402-J,Scomberomorus cavalla
1402-K,Scomberomorus cavalla
1402-L,Scomberomorus cavalla
1406-A,Scomberomorus cavalla
1406-B,Scomberomorus cavalla
1406-C,Scomberomorus cavalla
1406-D,Scomberomorus cavalla
1406-E,Scomberomorus cavalla
1406-F,Scomberomorus cavalla
1406-G,Scomberomorus cavalla
1406-H,Scomberomorus cavalla
1406-J,Scomberomorus cavalla
1406-K,Scomberomorus cavalla
1406-L,Scomberomorus cavalla
1406-M,Scomberomorus cavalla
1406-N,Scomberomorus cavalla
1406-O,Scomberomorus cavalla
1406-P,Scomberomorus cavalla
1406-Q,Scomberomorus cavalla
1406-R,Scomberomorus cavalla
1406-S,Scomberomorus cavalla
1406-T,Scomberomorus cavalla
1406-U,Scomberomorus cavalla
1406-V,Scomberomorus cavalla
1418-A,Thunnus atlanticus
1418-B,Thunnus atlanticus
1418-C,Thunnus atlanticus
1418-D,Thunnus atlanticus
1418-E,Thunnus atlanticus
1418-F,Thunnus atlanticus
1418-G,Thunnus atlanticus
1418-H,Thunnus atlanticus
1418-I,Thunnus atlanticus
1418-J,Thunnus atlanticus
1418-K,Thunnus atlanticus
1418-L,Thunnus atlanticus
1418-M,Thunnus atlanticus
1418-N,Thunnus atlanticus
1419-A,Scomberomorus cavalla
1419-B,Scomberomorus cavalla
1419-C,Scomberomorus cavalla
1419-D,Scomberomorus cavalla
1419-E,Scomberomorus cavalla
1419-F,Scomberomorus cavalla
1419-G,Scomberomorus cavalla
1419-H,Scomberomorus cavalla
1419-I,Scomberomorus cavalla
1419-J,Scomberomorus cavalla
1419-K,Scomberomorus cavalla
1419-L,Scomberomorus cavalla
1422-A,Scomberomorus cavalla
1422-B,Scomberomorus cavalla
1422-C,Scomberomorus cavalla
1422-D,Scomberomorus cavalla
1422-E,Scomberomorus cavalla
1422-F,Scomberomorus cavalla
1422-G,Scomberomorus cavalla
1424-A,Scomberomorus cavalla
1424-B,Scomberomorus cavalla
1425-A,Scomberomorus cavalla
1435-A,Scomberomorus cavalla
1468-A,Scomberomorus cavalla
1468-B,Scomberomorus cavalla
1468-C,Scomberomorus cavalla
1468-D,Scomberomorus cavalla
1468-E,Scomberomorus cavalla
1468-F,Scomberomorus cavalla
1468-G,Scomberomorus cavalla
1468-H,Scomberomorus cavalla
1468-I,Scomberomorus cavalla
1485-A,Scomberomorus cavalla
1485-B,Scomberomorus cavalla
1485-C,Scomberomorus cavalla
1486-A,Scomberomorus cavalla
1486-B,Scomberomorus cavalla
1486-C,Scomberomorus cavalla
1486-E,Scomberomorus cavalla
1486-F,Scomberomorus cavalla
1486-G,Scomberomorus cavalla
1486-H,Scomberomorus cavalla
1486-I,Scomberomorus cavalla
1487-A,Scomberomorus cavalla
1487-B,Scomberomorus cavalla
1487-C,Scomberomorus cavalla
1487-D,Scomberomorus cavalla
1487-E,Scomberomorus cavalla
1487-F,Scomberomorus cavalla
1487-G,Scomberomorus cavalla
1487-H,Scomberomorus cavalla
1487-I,Scomberomorus cavalla
1487-J,Scomberomorus cavalla
1487-K,Scomberomorus cavalla
1487-L,Scomberomorus cavalla
1487-M,Scomberomorus cavalla
1487-N,Scomberomorus cavalla
1488-A,Scomberomorus cavalla
1504-A,Scomberomorus cavalla
1504-B,Scomberomorus cavalla
1515-A,Epinephelus nigritus
1515-B,Epinephelus nigritus
1515-C,Epinephelus nigritus
1515-D,Epinephelus nigritus
1516-A,Epinephelus nigritus
1516-B,Epinephelus nigritus
1516-C,Epinephelus nigritus
1516-D,Epinephelus nigritus
1516-E,Epinephelus nigritus
1516-F,Epinephelus nigritus
1516-G,Epinephelus nigritus
1516-H,Epinephelus nigritus
1516-I,Epinephelus nigritus
1516-J,Epinephelus nigritus
1516-K,Epinephelus nigritus
1516-L,Epinephelus nigritus
1516-M,Epinephelus nigritus
1517-A,Scomberomorus cavalla
1583-A,Lutjanus synagris
1583-B,Lutjanus synagris
1583-C,Lutjanus synagris
1583-D,Lutjanus synagris
1583-E,Lutjanus synagris
1589-A,Seriola rivoliana
1590-A,Caranx lugubris
1590-B,Caranx lugubris
1590-C,Caranx lugubris
1590-D,Caranx lugubris
1590-E,Caranx lugubris
1590-F,Caranx lugubris
1590-G,Caranx lugubris
1623-A,Scomberomorus cavalla
1624-A,Scomberomorus cavalla
1625-A,Scomberomorus cavalla
1627-A,Scomberomorus cavalla
1627-B,Scomberomorus cavalla
1628-A,Scomberomorus cavalla
1628-B,Scomberomorus cavalla
1628-C,Scomberomorus cavalla
1628-D,Scomberomorus cavalla
1628-E,Scomberomorus cavalla
1628-F,Scomberomorus cavalla
1628-G,Scomberomorus cavalla
1628-H,Scomberomorus cavalla
1628-I,Scomberomorus cavalla
1628-J,Scomberomorus cavalla
1629-A,Scomberomorus cavalla
1629-B,Scomberomorus cavalla
1629-C,Scomberomorus cavalla
1639-A,Rachycentron canadum
1639-B,Rachycentron canadum
1639-C,Rachycentron canadum
1639-D,Rachycentron canadum
1639-E,Rachycentron canadum
1639-F,Rachycentron canadum
1639-G,Rachycentron canadum
1639-H,Rachycentron canadum
1639-I,Rachycentron canadum
1639-J,Rachycentron canadum
1639-K,Rachycentron canadum
1639-L,Rachycentron canadum
1639-M,Rachycentron canadum
1639-N,Rachycentron canadum
1639-O,Rachycentron canadum
1639-P,Rachycentron canadum
1639-Q1,Rachycentron canadum
1639-Q2,Rachycentron canadum
1639-Q3,Rachycentron canadum
1639-Q4,Rachycentron canadum
1639-Q5,Rachycentron canadum
1639-Q6,Rachycentron canadum
1639-R,Rachycentron canadum
1639-S,Rachycentron canadum
1639-T,Rachycentron canadum
1640-A,Rachycentron canadum
1640-AA,Rachycentron canadum
1640-B,Rachycentron canadum
1640-BB,Rachycentron canadum
1640-C,Rachycentron canadum
1640-CC,Rachycentron canadum
1640-D,Rachycentron canadum
1640-DD,Rachycentron canadum
1640-E,Rachycentron canadum
1640-F,Rachycentron canadum
1640-G,Rachycentron canadum
1640-H,Rachycentron canadum
1640-I,Rachycentron canadum
1640-J,Rachycentron canadum
1640-K,Rachycentron canadum
1640-L,Rachycentron canadum
1640-M,Rachycentron canadum
1640-N1,Rachycentron canadum
1640-N2,Rachycentron canadum
1640-N3,Rachycentron canadum
1640-O,Rachycentron canadum
1640-P,Rachycentron canadum
1640-Q,Rachycentron canadum
1640-R,Rachycentron canadum
1640-S,Rachycentron canadum
1640-T,Rachycentron canadum
1640-U,Rachycentron canadum
1640-V,Rachycentron canadum
1640-W,Rachycentron canadum
1640-X1,Rachycentron canadum
1640-X2,Rachycentron canadum
1640-X3,Rachycentron canadum
1640-Y,Rachycentron canadum
1640-Z1,Rachycentron canadum
1640-Z2,Rachycentron canadum
1640-Z3,Rachycentron canadum
1641-A,Rachycentron canadum
1641-B,Rachycentron canadum
1641-C,Rachycentron canadum
1641-D,Rachycentron canadum
1641-E,Rachycentron canadum
1641-F,Rachycentron canadum
1641-G1,Rachycentron canadum
1641-G2,Rachycentron canadum
1641-G3,Rachycentron canadum
1641-H,Rachycentron canadum
1641-I,Rachycentron canadum
1641-J,Rachycentron canadum
1641-K,Rachycentron canadum
1641-L,Rachycentron canadum
1641-M,Rachycentron canadum
1641-N,Rachycentron canadum
1641-O,Rachycentron canadum
1641-P,Rachycentron canadum
1641-Q,Rachycentron canadum
1641-R,Rachycentron canadum
1641-S,Rachycentron canadum
1641-T,Rachycentron canadum
1641-U,Rachycentron canadum
1641-V,Rachycentron canadum
1641-W,Rachycentron canadum
1641-X,Rachycentron canadum
1641-Y,Rachycentron canadum
1641-AA,Rachycentron canadum
1641-BB,Rachycentron canadum
1641-CC,Rachycentron canadum
1641-Z,Rachycentron canadum
1643-A,Rachycentron canadum
1644-A,Rachycentron canadum
1644-B,Rachycentron canadum
1644-C,Rachycentron canadum
1644-D,Rachycentron canadum
1644-E,Rachycentron canadum
1644-F,Rachycentron canadum
1644-G,Rachycentron canadum
1644-H,Rachycentron canadum
1644-I,Rachycentron canadum
1644-J,Rachycentron canadum
1644-K,Rachycentron canadum
1644-L,Rachycentron canadum
1644-M,Rachycentron canadum
1644-N,Rachycentron canadum
1644-O,Rachycentron canadum
1644-P,Rachycentron canadum
1644-Q1,Rachycentron canadum
1644-Q2,Rachycentron canadum
1644-Q3,Rachycentron canadum
1644-Q4,Rachycentron canadum
1644-Q5,Rachycentron canadum
1644-Q6,Rachycentron canadum
1644-Q7,Rachycentron canadum
1644-Q8,Rachycentron canadum
1644-Q9,Rachycentron canadum
1644-R,Rachycentron canadum
1645-A,Thunnus atlanticus
1645-B,Thunnus atlanticus
1645-C,Thunnus atlanticus
1645-D,Thunnus atlanticus
1645-E,Thunnus atlanticus
1645-F,Thunnus atlanticus
1645-G1,Thunnus atlanticus
1645-G2,Thunnus atlanticus
1645-G3,Thunnus atlanticus
1645-G4,Thunnus atlanticus
1645-G5,Thunnus atlanticus
1645-G6,Thunnus atlanticus
1645-G7,Thunnus atlanticus
1645-G8,Thunnus atlanticus
1645-G9,Thunnus atlanticus
1645-H1,Thunnus atlanticus
1645-H2,Thunnus atlanticus
1645-H3,Thunnus atlanticus
1645-H4,Thunnus atlanticus
1645-H5,Thunnus atlanticus
1645-H6,Thunnus atlanticus
1645-H7,Thunnus atlanticus
1645-H8,Thunnus atlanticus
1645-H9,Thunnus atlanticus
1645-I,Thunnus atlanticus
1645-J,Thunnus atlanticus
1645-K,Thunnus atlanticus
1645-L,Thunnus atlanticus
1645-M,Thunnus atlanticus
1645-N,Thunnus atlanticus
1645-O,Thunnus atlanticus
1645-P,Thunnus atlanticus
1645-Q,Thunnus atlanticus
1645-R,Thunnus atlanticus
1645-S,Thunnus atlanticus
1645-T,Thunnus atlanticus
1646-A,Thunnus atlanticus
1647-A,Thunnus atlanticus
1647-B,Thunnus atlanticus
1647-F,Thunnus atlanticus
1647-G,Thunnus atlanticus
1647-H,Thunnus atlanticus
1647-I,Thunnus atlanticus
1647-J,Thunnus atlanticus
1647-K,Thunnus atlanticus
1647-L,Thunnus atlanticus
1647-M,Thunnus atlanticus
1647-N,Thunnus atlanticus
1647-O,Thunnus atlanticus
1647-P,Thunnus atlanticus
1647-Q,Thunnus atlanticus
1648-A,Thunnus atlanticus
1648-B,Thunnus atlanticus
1648-C,Thunnus atlanticus
1648-D,Thunnus atlanticus
1648-E,Thunnus atlanticus
1648-F,Thunnus atlanticus
1648-G,Thunnus atlanticus
1653-A,Thunnus albacares
1680-A,Scomberomorus cavalla
1847-A,Scomberomorus cavalla
1856-A,Scomberomorus cavalla
1856-B,Scomberomorus cavalla
1859-A,Lopholatilus chamaeleonticeps
1860-A,Lopholatilus chamaeleonticeps
